id,player,rank,projectedPoints,positionRank,position,team
b24eb93f-72bd-4c23-bed6-807d542bab65,Ja'Marr Chase,1.1,260.2,WR1,WR,CIN
1dad2b6f-6089-4844-8319-6f1eb23b5003,Saquon Barkley,2.4,284.7,RB1,RB,PHI
b42031b0-6abb-4621-90c0-e3f8041f6c9d,Bijan Robinson,3.7,274.7,RB2,RB,ATL
fb2b25a4-b791-4ef0-bc45-41099b503a69,Justin Jefferson,3.7,245.3,WR2,WR,MIN
1b76bd49-ac28-457e-96a6-4b2135c9ff73,CeeDee Lamb,5.1,240.6,WR3,WR,DAL
0ec23474-d4b8-4dcd-9157-b6de1fb8ff84,Jahmyr Gibbs,5.5,273.3,RB3,RB,DET
827b3a04-55f4-4c0e-940f-62be3233dd15,Puka Nacua,8,227.7,WR4,WR,LA
c2ff3b1f-dbc0-4314-986a-3a2c1dc5bf50,Malik Nabers,9,215.7,WR5,WR,NYG
8f217c44-cc37-44a8-84f9-d82cd3fe91ff,Ashton Jeanty,9.3,232.9,RB4,RB,LV
13c991e1-747d-4cbd-9bdb-a5e017bdb77b,Nico Collins,9.8,225.1,WR6,WR,HOU
3ee87ad4-537e-46ac-8cf4-d2bf5f8540ed,Amon-Ra St. Brown,10.7,223.2,WR7,WR,DET
6d89c0c5-4756-43ab-b80f-70fc83e5efa8,Brian Thomas,11.4,221.3,WR8,WR,JAC
baefa551-0611-4836-b43a-1d6c105211b7,Christian McCaffrey,13.3,243.5,RB5,RB,SF
d98df6de-a814-477a-bd9b-b6a747f32ab4,Brock Bowers,14.4,193.2,TE1,TE,LV
9b791eb1-eb3f-4216-87c5-a381fd694aff,Derrick Henry,15.6,262,RB6,RB,BAL
0fd6a099-0696-4aeb-b7c8-bf3c5280db0f,Drake London,16,201.7,WR9,WR,ATL
2eb19695-162b-4d6f-970d-266b3513ddbd,A.J. Brown,17.2,203.2,WR10,WR,PHI
9a97b0b2-fda2-4d87-8392-50b32ea6fcd3,De'Von Achane,18,225.6,RB7,RB,MIA
f41070b3-c28d-4cff-afb4-6bae844edabf,Ladd McConkey,18.8,203,WR11,WR,LAC
a93a8358-f3eb-4a07-9a85-a13a0b2427a2,Jonathan Taylor,21.1,230.9,RB8,RB,IND
d6c8b5b5-c01a-43d4-84b5-cbad5e4a7f21,Trey McBride,21.4,185.5,TE2,TE,ARI
1bc16f8e-964e-4946-b3da-bd7b7fe8731e,Bucky Irving,22.7,243,RB9,RB,TB
43973f1b-ff52-44cd-a5d1-43426587f368,Tee Higgins,23.5,181.2,WR12,WR,CIN
d8aca1d5-8318-4ada-9cf1-18ef1b60b464,Tyreek Hill,24.5,196.5,WR13,WR,MIA
e92d0ab0-3f60-456a-a57f-b689b8107c7a,Jaxon Smith-Njigba,26.1,180.1,WR14,WR,SEA
9ecd270d-e314-466e-8cff-126385d8a9e9,Josh Jacobs,26.2,236.5,RB10,RB,GB
146fb59c-b8ff-414a-86a7-3c2e612a81c0,Garrett Wilson,26.9,181.9,WR15,WR,NYJ
bdbd91c4-8792-4056-a4b1-dabc074aa580,Terry McLaurin,28.6,200.1,WR16,WR,WAS
799eb40c-a66a-4fd8-a8e3-186fc3f20ccb,Marvin Harrison,28.9,174.4,WR17,WR,ARI
48699f93-77e6-48ee-93cc-df880846796f,Kyren Williams,30.9,212.5,RB11,RB,LA
221733f8-7235-4b9e-a2cd-45dad292e33b,Chase Brown,31.8,199.5,RB12,RB,CIN
47f49002-0e7d-4f51-9a15-525ef6397fde,D.J. Moore,32.8,178.6,WR18,WR,CHI
0467ab97-0708-4a95-88ef-124455ac4ac1,Josh Allen,33.3,358.5,QB1,QB,BUF
3bca74ae-aea9-4b96-9cfa-ba6320a9dca6,Davante Adams,34,171.7,WR19,WR,LA
c72e9110-c8be-4bcf-a567-d78c9f3073d1,Mike Evans,35.3,194.8,WR20,WR,TB
c3c29d05-6c66-4726-b2b3-01f5323a8087,Lamar Jackson,36.1,355.8,QB2,QB,BAL
f1e0fe78-af51-4e41-9f58-a8146a69c5a9,Rashee Rice,36.7,173.4,WR21,WR,KC
0f31f57a-5461-4802-811e-f84fde65f9b5,Breece Hall,37.9,203.1,RB13,RB,NYJ
4122e07d-fe79-4816-9292-4f6a94b00cbc,Xavier Worthy,38.2,175.2,WR22,WR,KC
fd373123-6fc9-4e2c-829c-9879ae96caea,Omarion Hampton,40.4,197.4,RB14,RB,LAC
09d74295-61f2-4824-b49b-f1c677be0763,Jayden Daniels,41.3,353.5,QB3,QB,WAS
cf7f210d-aa77-4481-a6ce-def8eb13c4a7,James Cook,42.1,210.1,RB15,RB,BUF
c00d3668-c5ca-41be-bbb3-30e421920276,Tetairoa McMillan,43.1,157.5,WR23,WR,CAR
4bb0512e-9cfd-430d-9742-1fff9f043b18,DeVonta Smith,43.5,169,WR24,WR,PHI
c3a3bd66-d55d-44f7-98f6-78450678fa87,Jameson Williams,45.9,172.9,WR25,WR,DET
655f249b-461d-426c-97c7-efc20870c660,Zay Flowers,46.5,161.2,WR26,WR,BAL
d8c923f8-3ccf-49c2-895a-c58ad280c088,Travis Hunter,48.2,156.8,WR27,WR,JAC
a547b04a-38e6-435e-9f9d-81a34e7aac6c,Jalen Hurts,48.6,345.1,QB4,QB,PHI
08681b3b-8775-4637-84fa-e23da96e59f6,Joe Burrow,49.4,329.5,QB5,QB,CIN
6d78912a-4699-4228-9e18-621c213202a7,George Kittle,50.4,175.9,TE3,TE,SF
7601e2e8-add1-4c8c-b169-b63a49fdf57b,Courtland Sutton,51.2,173,WR28,WR,DEN
be004901-0a0f-41cd-ab83-c0d8d7ad916d,Rome Odunze,51.9,160.6,WR29,WR,CHI
9da4da3d-00e5-494d-9b92-dd875a92a9c1,Joe Mixon,52.9,200.7,RB16,RB,HOU
30669c4d-f918-49b2-9f5b-8bd47016d097,DK Metcalf,53,168.2,WR30,WR,PIT
e04ddd15-a5ab-41e8-82b2-3dfc90a2c893,TreVeyon Henderson,56,159.5,RB17,RB,NE
411b0cfe-9139-43a5-a95c-748758368d75,Jordan Addison,57,166.7,WR31,WR,MIN
506c6382-05b9-4090-ada6-aa977ab6afca,Jaylen Waddle,57.1,150.1,WR32,WR,MIA
2c4e3e6e-667c-44c3-8083-bfd11b1fd7a8,Calvin Ridley,58.4,167.4,WR33,WR,TEN
a8c3cb2b-7728-4ee0-8f89-f218e5e0c409,Chuba Hubbard,58.5,198.3,RB18,RB,CAR
d0d1514c-26e3-405f-84de-8072bc2b0fa7,Chris Godwin,59.9,157.7,WR34,WR,TB
1b2c7c20-e458-454d-be39-7aaebabf1e30,Chris Olave,61.3,152.2,WR35,WR,NO
ffbb0124-5050-4795-b305-591cb44a8490,Kenneth Walker III,62,189.7,RB19,RB,SEA
d2928ec9-ae89-4894-aded-09b6602cf28e,Alvin Kamara,63.6,194.9,RB20,RB,NO
533aaf00-6105-4dc7-9e32-ee6e0e78a66a,Deebo Samuel,64.5,149.9,WR36,WR,WAS
2d542871-3989-447d-89e6-9dcfbd6894e6,Jauan Jennings,65.1,157,WR37,WR,SF
a259e591-fec1-4185-a0b2-43a434cc9f49,Sam LaPorta,66.6,160,TE4,TE,DET
c34084aa-c044-4695-81ee-6328f98c591c,Jerry Jeudy,67.1,159.5,WR38,WR,CLE
513473ee-8e3f-48d1-a0fc-a4f77bc195b9,Quinshon Judkins,67.8,166.2,RB21,RB,CLE
c43f5ce9-2f01-49df-83cb-c198ca9c49c8,James Conner,70,195.5,RB22,RB,ARI
e4bcd565-12d4-4b4c-91b1-1b72541b24e2,David Montgomery,70.4,168.5,RB23,RB,DET
fbc4cce8-3964-402c-a0a6-dbe13b5ebd86,RJ Harvey,70.6,174.3,RB24,RB,DEN
812a947e-6ecc-43ce-9572-ac9da7cc4bcb,Ricky Pearsall,73.2,145.4,WR39,WR,SF
6d09867d-203b-4d91-975c-128125e7cf89,Jakobi Meyers,74,154.7,WR40,WR,LV
53ef4d2b-2f6f-4b63-b1bc-a76c109cf4c4,Matthew Golden,74.7,137.9,WR41,WR,GB
f234f298-dc09-48a1-8198-168a9c25c28c,Jayden Reed,75.5,147.7,WR42,WR,GB
7db4138f-109b-4b32-8c1b-cd51a4c12d1f,George Pickens,75.7,157.2,WR43,WR,PIT
ea213cff-af5a-4902-b17d-14591284ccac,Kaleb Johnson,76.4,135.5,RB25,RB,PIT
4808cc03-7e41-4c33-974f-a1701a98324c,Patrick Mahomes,78.8,320.3,QB6,QB,KC
55ba823b-3e25-4a1d-922d-9c622a052aaf,Khalil Shakir,79.4,138.6,WR44,WR,BUF
e57459d1-a8ea-4e55-909d-06b378e09b02,Stefon Diggs,79.6,125.2,WR45,WR,NE
f50101bc-fbfa-4a82-a625-c11c479cfbe8,Aaron Jones,83.8,171.3,RB26,RB,MIN
7eba46a1-1484-4352-b7f8-480163694c25,Brandon Aiyuk,84,140.9,WR46,WR,SF
5c510a1a-d9f3-47c5-8c7f-c9c7d0968dd5,Tony Pollard,84.4,165.8,RB27,RB,TEN
a41974fe-71b2-408e-847d-86405b104654,Emeka Egbuka,85,110,WR47,WR,TB
9df8f9e8-d362-46e0-be35-502442b747e6,Luther Burden,85.5,121.8,WR48,WR,CHI
4ddaf397-6424-4910-b9ec-49aef1d2b69a,T.J. Hockenson,86,141.8,TE5,TE,MIN
3a9a963f-6618-40ac-93c6-96ea04cb223f,Najee Harris,86.5,136.1,RB28,RB,LAC
12a4ad78-4491-4aa3-8373-0fa48356c7f7,Baker Mayfield,88.4,312.9,QB7,QB,TB
c8fd58f1-4635-46b0-9727-6cdd493a63a0,Tyrone Tracy,89.5,159.3,RB29,RB,NYG
c0c80e9d-fe68-441d-90d4-b5828752b9c7,Cooper Kupp,89.6,137.1,WR49,WR,SEA
2965705e-121c-4f6f-a67e-200c1f221343,Josh Downs,93.4,129.1,WR50,WR,IND
a6e88774-89df-4886-b850-16c63473fcbe,Caleb Williams,93.5,287.7,QB8,QB,CHI
017dad8b-5da7-4e17-a567-10e147fbb7c7,Kyler Murray,94.3,296.3,QB9,QB,ARI
eefaafc6-b10a-4794-a6dc-4233a1c2263f,Darnell Mooney,94.6,140.5,WR51,WR,ATL
bfa23971-1c74-42b7-a7da-cf3bb80a1355,Bo Nix,95.3,312.5,QB10,QB,DEN
c6ad3f37-27db-4232-99cc-aeed22777e85,Jonnu Smith,97,139.5,TE6,TE,MIA
d8c284a1-8746-41fc-bd8e-fbfb20bf2e92,Jaylen Warren,97.4,159.6,RB30,RB,PIT
45040fd6-c586-4f05-b4a5-35e32042f5c8,Cam Skattebo,99.9,100.4,RB31,RB,NYG
69a1328c-ef69-41a4-a9c6-9ef0f96179f0,Justin Fields,101.3,288.1,QB11,QB,NYJ
94224657-62c9-4238-86f2-ba2c07ce0e4b,D'Andre Swift,101.7,161,RB32,RB,CHI
bbd7c5bc-808f-4c97-80e1-6029515ff8bc,Travis Kelce,103.5,137.7,TE7,TE,KC
a9944d33-2618-448b-9dfb-73b9a43b1296,Brock Purdy,104.1,305.4,QB12,QB,SF
a889c484-29f2-47ac-805b-49691067644b,Jared Goff,104.2,298.5,QB13,QB,DET
467dd20b-81e4-42a3-837a-ed937702925e,Isiah Pacheco,106.4,161.5,RB33,RB,KC
d163492c-f926-4cb9-96fc-b93759e92541,Brian Robinson Jr.,106.7,150.4,RB34,RB,WAS
e35cb821-a7ae-41d8-a7c1-3fb43082b786,Christian Kirk,106.8,123.4,WR52,WR,HOU
f52f0cdf-de38-4cd9-a5c9-b54b2958ea05,Mark Andrews,106.9,138,TE8,TE,BAL
59cd0550-2714-465f-a640-99957e7fc514,Tyler Warren,107.6,108,TE9,TE,IND
1589e799-5723-4f51-a99a-817c1f5d9a61,Michael Pittman Jr.,109.2,127.8,WR53,WR,IND
85474863-13c5-412b-a5fd-cebdd1383524,Jordan Mason,110.1,120.6,RB35,RB,MIN
6f51ed2b-b312-4ac8-a02b-f791528ab5eb,Jayden Higgins,110.1,124.9,WR54,WR,HOU
8c7f9176-18b8-4f59-bc46-2c14a60bfed8,Rashid Shaheed,113.7,144.3,WR55,WR,NO
39526890-3152-4899-a948-99f0a9858b6f,Zach Charbonnet,113.9,112.9,RB36,RB,SEA
43e1dda1-d83d-4da9-a11a-e6c4b714e102,Evan Engram,116.3,117.1,TE10,TE,DEN
72f1fd78-4146-4527-8de9-823b13309425,Colston Loveland,116.3,107.9,TE10,TE,CHI
9a1d9082-34b9-40f4-8e3c-330caa3fa989,Rhamondre Stevenson,116.3,121.4,RB37,RB,NE
e7384056-0c8d-48b5-8ece-43a68ad9d200,Marvin Mims Jr.,116.4,139.1,WR56,WR,DEN
fb9df616-a7a2-4339-ab1a-b3e5dfd2278b,Travis Etienne Jr.,116.6,157.9,RB38,RB,JAC
37bd88b0-b695-4a09-a0e9-fc29f6c14dfd,Justin Herbert,117.2,283.8,QB14,QB,LAC
06bb179e-5f55-4679-9f0d-e94d1c5dff0c,Tre Harris,117.8,117,WR57,WR,LAC
1fd437b3-ec8a-40ff-af9b-bdeb9e195111,Drake Maye,117.8,286.3,QB15,QB,NE
a539369c-22ad-4d91-b5b9-a616d39018b8,Rashod Bateman,120.5,119.9,WR58,WR,BAL
d94128a2-2821-4fe3-95ee-ad6a026b85cb,Keon Coleman,121.2,125.2,WR59,WR,BUF
86d70c50-1438-435a-be56-17fc097d2763,Jordan Love,123.7,276.9,QB16,QB,GB
ae822ce4-b4ff-4b53-bf83-be036fe15dd2,Bhayshul Tuten,125.2,70.4,RB39,RB,JAC
96103fd4-acc7-4dba-adcf-ae140cf7d983,David Njoku,125.5,112.5,TE12,TE,CLE
2b703cdf-19c6-44bc-9061-11994c555ce9,Jalen McMillan,127.7,107.1,WR60,WR,TB
48dddfc4-9fbb-49f7-93ca-49b5bad5b640,Tucker Kraft,127.8,106.7,TE13,TE,GB
27c2ab08-d88c-427a-b0d3-cf0ba47af2f7,Hollywood Brown,128.7,108.2,WR61,WR,KC
d97eb184-b572-477a-98c8-e918a0bf1c66,C.J. Stroud,129.4,288.8,QB17,QB,HOU
1a3c579b-489d-476c-8e92-96396daccfa2,Dak Prescott,130.6,281.7,QB18,QB,DAL
01b46905-02f2-4016-a320-7cc36b5d1afc,Trevor Lawrence,131.7,281.9,QB19,QB,JAC
78a6939e-5faf-45ed-98f2-674a84e65045,J.J. McCarthy,133.2,288.4,QB20,QB,MIN
af512904-a1c9-4f40-ac9b-3f04329bc6b8,Javonte Williams,134.7,142.8,RB40,RB,DAL
8e3162f9-5b76-46e8-b189-777db6212f8b,Dalton Kincaid,135.7,109.9,TE14,TE,BUF
427d8203-aea8-4b01-972f-039aa0baa0c3,Isaiah Likely,135.8,105.8,TE15,TE,BAL
d1bb13ec-b37e-420c-b9f5-e76698cb6b2b,Kyle Williams,138.1,0,WR62,WR,NE
76809c5a-f06d-479a-a218-f22ee3e13a83,Tyjae Spears,138.9,107.8,RB41,RB,TEN
91edd6d6-bd65-4571-8713-41fc3cd2eb92,Tank Bigsby,139.5,100.2,RB42,RB,JAC
5336c84a-59d1-4502-b26c-a9a7a5683195,Jake Ferguson,141,122.3,TE16,TE,DAL
a6b061d0-7d58-45b0-8539-c0dd60cb26f9,Michael Penix,141.7,256.2,QB21,QB,ATL
9ee85b14-7fae-4772-b58f-fa2922f230ef,Trey Benson,142.5,89.5,RB43,RB,ARI
3506f452-2e97-46e6-be4b-e79fed5b3491,Jack Bech,145.2,112.6,WR63,WR,LV
82b3392d-0403-4cc7-9adc-8881b1647655,Quentin Johnston,145.7,103.3,WR64,WR,LAC
5517771d-f8e5-4ab2-b023-c06057b9d12a,Isaac Guerendo,146.2,85.5,RB44,RB,SF
315ad6ba-764f-4118-9deb-03720308a0c2,Dallas Goedert,146.8,118.4,TE17,TE,PHI
a18e7872-b3df-4c74-8130-feb720a928c1,Xavier Legette,148.6,86.9,WR65,WR,CAR
bfd060c8-dfa0-43d4-beb2-6f3e5b9df69e,Tua Tagovailoa,149.7,254.4,QB22,QB,MIA
baf94a12-0921-4655-9b10-12b59b77c57c,Kyle Pitts,150.1,96.1,TE18,TE,ATL
032a165a-b343-4c8f-a56f-8fc47d2a4a07,Dylan Sampson,151.7,75.4,RB45,RB,CLE
216c2a61-381c-4520-a163-a8af32943fb9,Ray Davis,152.5,102.1,RB46,RB,BUF
3dbcda8c-adc6-4d3e-9ed8-12b7581aa0ba,Jaylin Noel,152.7,76.6,WR66,WR,HOU
ff6b158c-6ff5-45c7-879e-32086288c5fb,Cam Ward,153.1,258.4,QB23,QB,TEN
c27b2fd7-45a7-409c-9973-3346fd3062fc,Romeo Doubs,154.2,92.3,WR67,WR,GB
50be3583-2a3d-455a-91ce-ba6959783642,Matthew Stafford,157,246.9,QB24,QB,LA
9012f171-568e-4292-94ba-f4b308eac941,Rachaad White,157.3,85.6,RB47,RB,TB
04c979d6-83b7-40dc-83fc-ed4db79ce5f9,Bryce Young,157.5,256.2,QB25,QB,CAR
1cc825d2-4975-4afe-a47d-b69f0e57cbc1,Adam Thielen,158.1,117.3,WR68,WR,CAR
6dc7832f-45d2-4ae6-8c6a-3595e185a18e,Joshua Palmer,160.5,108.9,WR69,WR,BUF
8086a0ab-51d0-4510-af6e-34603b9ad807,Keenan Allen,162,0,WR70,WR,
be28ffd2-9c10-44fd-937a-0dd5fa9f22c9,Cedric Tillman,162.6,91.2,WR71,WR,CLE
00403734-5e69-424c-974e-ceefbc335618,Tyler Allgeier,162.6,97.8,RB48,RB,ATL
2f6b0b7d-b3fe-46e5-b7ef-c84495f0e78a,Geno Smith,162.7,253.8,QB26,QB,LV
951df6a2-c1b0-499f-819e-67798c2cc6a2,Brenton Strange,163.6,89.7,TE19,TE,JAC
47a14de7-342a-4a2d-b5ea-2e4cca880e67,Jerome Ford,164.3,83.3,RB49,RB,CLE
e4a0d065-ce78-4bf8-8e8e-ecce74e7e30c,Jaydon Blue,166.6,66.2,RB50,RB,DAL
a07ec2e7-a9ff-4797-8b81-e97de03a6a51,Rico Dowdle,166.8,79.6,RB51,RB,CAR
5187785b-3707-4207-aee0-a55778dfb9a1,DJ Giddens,169.2,44.9,RB52,RB,IND
afc52d6b-e9cd-412f-8025-9926540ac5c5,Devin Neal,169.6,63.6,RB53,RB,NO
44a906d5-b179-45f9-b69f-281595bea71d,Zach Ertz,171.9,102.1,TE20,TE,WAS
c9e2cfc7-8db1-49ab-944b-61108f687aca,Jalen Coker,172.9,94.8,WR72,WR,CAR
84f0a2d4-81a1-424b-a516-172e02cd82e3,Braelon Allen,174.5,59.9,RB54,RB,NYJ
ab78a171-01c4-457c-aa8c-7fd835bff986,Anthony Richardson,175.2,277.6,QB27,QB,IND
afb9a9f4-bacd-46f5-ad31-80b2427eae28,Sam Darnold,175.4,253.2,QB28,QB,SEA
24e943a8-7926-4012-9d7e-138315b764cd,Hunter Henry,176.3,107.4,TE21,TE,NE
bc9e2c1b-6bb4-4bc9-84af-202f71c65de7,Alec Pierce,176.3,103.3,WR73,WR,IND
42be1a8b-6bdd-4bda-a857-3a01bbc6aeac,Wan'Dale Robinson,178.3,103.5,WR74,WR,NYG
566b0f64-6a4f-4882-aa36-99d15ce990f5,Austin Ekeler,180,99,RB55,RB,WAS
d85fae4b-67cb-4828-93ad-d968f275c6d5,Jalen Tolbert,180.9,99.8,WR75,WR,DAL
fb971e03-d484-4d81-982d-0e0af12179e6,J.K. Dobbins,181,0,RB56,RB,
5938bf65-bd79-454f-921a-94d0b1a4c3b4,Dontayvion Wicks,181.4,83.2,WR76,WR,GB
e62e6781-add8-4eaa-9713-1448b8ff72a5,Elic Ayomanor,181.5,57,WR77,WR,TEN
a228fb38-ae0f-469d-984a-a7a3a904020d,Mike Gesicki,182,100.8,TE22,TE,CIN
49d82bda-e7fe-487a-83ab-0f4bd9e431d1,Pat Freiermuth,182.1,108.5,TE23,TE,PIT
027fe218-a84a-450c-a89d-7ad6c4cf94b9,Cade Otton,182.8,86.7,TE24,TE,TB
fa1a54e5-4c1c-45b8-9e9a-3c1568a28d6b,Jaylen Wright,182.9,77.1,RB57,RB,MIA
e34d874e-3fef-4059-887e-33a2485c13b6,Blake Corum,184.8,74.5,RB58,RB,LA
a46b6ee1-e38e-48cc-9d43-0917418812fc,Jalen Royals,187.2,78.3,WR78,WR,KC
54ad314c-d98a-4087-9831-d9fe55233e1c,DeAndre Hopkins,188.3,78.9,WR79,WR,BAL
edeb9b06-d0b7-44cc-ac47-971fa68ff0a6,Brashard Smith,193,40.1,RB59,RB,KC
63cbde87-5fd3-410c-9c64-2185510182ef,DeMario Douglas,193,99.7,WR80,WR,NE
a6ce2c32-ead2-45cf-8add-22978d63a07e,Mason Taylor,195.9,81,TE25,TE,NYJ
9e0a17b1-fda3-4066-aa3c-4f742588536c,Michael Wilson,196.3,91.7,WR81,WR,ARI
f69a3a63-744a-4568-a158-b69f0d5e4eb6,Will Shipley,196.6,58.2,RB60,RB,PHI
ba19979f-896f-429f-89b1-0280ab4b6052,Dalton Schultz,198.4,92.9,TE26,TE,HOU
dc435bd0-ebd3-479f-b9bf-529569dff43c,Cole Kmet,199.2,72.7,TE27,TE,CHI
0ad724ff-2212-4ec4-8261-793e76298a17,Adonai Mitchell,199.4,78.4,WR82,WR,IND
831716ac-821d-4b07-8f37-36886cc43843,Ollie Gordon,199.7,48.3,RB61,RB,MIA
bdecac5a-bd13-4a2c-94c8-4ff12c29d50a,Darius Slayton,202.2,91.3,WR83,WR,NYG
8f4756df-0eba-4393-bc91-cd38984dcda8,Justice Hill,203.2,75.9,RB62,RB,BAL
d49688f7-ce90-44b2-99ee-0b1c78eec8f3,Andrei Iosivas,203.9,55.4,WR84,WR,CIN
2c7e2974-109f-48af-aa38-6ca441540779,Amari Cooper,205.4,0,WR85,WR,
39d5fe0b-fb83-4b83-b590-836cfcf0acb1,Damien Martinez,205.9,30.3,RB63,RB,SEA
3e43e336-3c1d-430f-8961-701e685e8d5d,Roschon Johnson,206.6,72.7,RB64,RB,CHI
6958938f-e1b1-4a04-9277-0d13ce07df21,Nick Chubb,206.6,0,RB64,RB,
0e7d3cb4-f568-41e0-88e6-7812989ae958,Jaxson Dart,206.7,61.9,QB29,QB,NYG
9f137949-d162-475c-bf95-9d43e7d58824,Dyami Brown,206.8,87.7,WR86,WR,JAC
5357fee8-c779-4442-8e21-286ad59d4cbd,Ja'Tavion Sanders,206.8,83.9,TE28,TE,CAR
e0d74144-6bd8-467f-b5a6-de01ef683097,Pat Bryant,206.9,44.6,WR87,WR,DEN
2d084934-667e-4903-b462-a33b9041291d,Harold Fannin,207.9,61.3,TE29,TE,CLE
664c1862-20fe-40a8-ac7e-ff868858dcb9,MarShawn Lloyd,208.2,27.1,RB66,RB,GB
2a65964a-1345-435e-998e-ee29adf6d251,Chig Okonkwo,208.7,84.2,TE30,TE,TEN
0a189fd2-3410-4074-a5c6-0197f8d4041c,Russell Wilson,210.5,171.5,QB30,QB,NYG
d8b3c731-9054-4d15-a4ee-e12beb4825fa,Tyler Lockett,210.5,78.6,WR88,WR,TEN
0407fcef-4a8c-4e2f-bef3-779851de306f,Tory Horton,210.6,62.4,WR89,WR,SEA
e5efd76e-3450-4e90-b4a4-74a10f8cef0b,Jarquez Hunter,210.7,45.3,RB67,RB,LA
ec3a92be-ca46-44e1-8263-9c184ba313c1,Troy Franklin,211,77.1,WR90,WR,DEN
383c8d7f-a817-4096-a6b6-a6b1366d87fb,Isaac TeSlaa,211.1,55.2,WR91,WR,DET
998fed79-63d4-46da-a102-add4ac6b9325,Shedeur Sanders,211.4,35.7,QB31,QB,CLE
10b27c42-0621-472d-bfa7-3f6c598980be,Juwan Johnson,211.7,73.3,TE31,TE,NO
5d5c4fb2-51dc-40da-9f65-785ee09f784e,Terrance Ferguson,211.9,45.6,TE32,TE,LA
5ac44ad0-e9ce-44d0-9bf7-82950d46bd63,Tutu Atwell,212.2,78.5,WR92,WR,LA
ccc75043-457f-471e-9735-d76568cc2bb1,Elijah Mitchell,212.5,31,RB68,RB,KC
3f3d0fff-d453-44b9-acec-0a9610deea75,Jaleel McLaughlin,212.6,93.2,RB69,RB,DEN
090fca9a-692c-497a-a575-8cc9b923bf9f,Mike Williams,212.7,47.9,WR93,WR,LAC
5d797f44-9b44-4ece-891a-554ec24e68e3,Jordan James,213.5,47.3,RB70,RB,SF
1bd33029-b88d-43fa-998e-775a6741a5e7,Aaron Rodgers,213.6,0,QB32,QB,
58c31228-6972-47f8-a167-e7fac175f5bb,Jalen Milroe,213.6,35.9,QB33,QB,SEA
3b1286b8-e246-4287-a2f9-e044620d4180,Savion Williams,213.7,48.2,WR94,WR,GB
edf095fc-4f26-470b-9967-e307126ced5b,Tai Felton,213.8,57.7,WR95,WR,MIN
011d7af8-9fc6-47e2-b1c7-60ad22188306,Kareem Hunt,213.8,41.8,RB71,RB,KC
1dd1d43a-bb2c-4293-b086-af81f7f8a31f,Woody Marks,214,50.8,RB72,RB,HOU
139d7f99-b270-4a99-832b-41bf0deb358f,KaVontae Turpin,214.2,88.7,WR96,WR,DAL
3349f39b-9dd6-42f3-a50c-8f7e8134d2bf,Theo Johnson,214.2,73.4,TE33,TE,NYG
c9fab627-9cbf-4cfe-b2fa-288604ae1755,Elijah Arroyo,214.3,21.6,TE34,TE,SEA
4a91b789-1968-4e0c-9ec3-3f4fa98de1f2,Diontae Johnson,214.4,67.4,WR97,WR,
b8b2120d-d09f-4467-b7fc-3e9c32df9f5a,Jordan Whittington,214.4,87.9,WR98,WR,LA
d29091a8-ca31-49b0-a940-4ddebb14a843,Tyler Conklin,214.4,65.6,TE35,TE,LAC
10b8eca4-c667-4927-a2ab-e24021ad18a5,Tahj Brooks,214.5,46.8,RB73,RB,CIN
8aa163b7-5f2f-4ed5-a721-79fd60ba544e,Trevor Etienne,214.5,43.8,RB73,RB,CAR
4c50a7a3-7ac8-442f-a792-11977cea9322,Ray-Ray McCloud III,214.5,52.6,WR99,WR,ATL
33f93253-33a6-4e0f-8d93-815366d14090,Nick Westbrook-Ikhine,214.6,74.8,WR100,WR,MIA
a18edd62-1cc8-484e-b729-3f9c591887ad,Noah Gray,214.6,73.7,TE36,TE,KC
aaefaf37-9d15-4306-ad32-8f6245e98a4d,Tre Tucker,214.6,60.8,WR101,WR,LV
9d27c511-89bc-4129-a079-334b7b3be97f,Tyler Shough,214.6,50.6,QB34,QB,NO
79976572-3b05-48db-8816-f1dd126e3db9,Audric Estime,214.6,52.5,RB75,RB,DEN
013d1f80-d88b-47c2-b6b9-d0c833e1cdba,Raheem Mostert,214.9,65.9,RB76,RB,LV
c52baf98-fb75-4227-9701-7b1b57eea6f7,Devaughn Vele,215,58.3,WR102,WR,DEN
66414585-fa5d-408a-911c-cf897e5bbefc,Chimere Dike,215.1,57.6,WR103,WR,TEN
f24adb34-5412-4edf-95ff-6b68e5fbd41d,Miles Sanders,215.1,63.5,RB77,RB,DAL
0b920098-c972-4e90-9e89-7430232e7567,Daniel Jones,215.2,49.3,QB35,QB,IND
c76c03d8-1795-4ef9-a2cf-ee0f10c4bc4f,Jaylin Lane,215.2,51,WR104,WR,WAS
0ddf9b70-527e-4bb6-8018-b1a0b49ba29c,Kayshon Boutte,215.3,76.7,WR105,WR,NE
ef67177a-49c1-49d1-a6df-20ae9588b890,Tyler Higbee,215.3,56.1,TE37,TE,LA
2521c244-cb3c-497e-b928-9c2f542bb7c3,Kyle Monangai,215.3,50.6,RB78,RB,CHI
868448b8-f53a-4c9e-a15d-8ed8f40b27d4,Joe Flacco,215.3,135.4,QB36,QB,CLE
8781a0c7-14b6-4c09-bf75-0a9da0bd9a31,Marquez Valdes-Scantling,215.4,79.1,WR106,WR,SEA
7062199b-47a5-4de1-bc7d-22640861b406,Dont'e Thornton,215.4,55.4,WR107,WR,LV
99768dcd-9aea-40e2-9abb-e3644b8f69f0,Jalen Nailor,215.4,73.1,WR108,WR,MIN
dddc50fe-12ed-4071-aac1-439c5f0d91d0,Derek Carr,215.4,188.3,QB37,QB,NO
89c932e5-9b13-487f-97c6-c23a2864510e,Sean Tucker,215.5,45.1,RB79,RB,TB
09fad0df-6eef-4310-9cf6-9fd18d55a626,Curtis Samuel,215.5,60.1,WR109,WR,BUF
f47f5778-3c4d-4320-a4f9-cb57a229024a,Jacory Croskey-Merritt,215.5,0,RB80,RB,WAS
423103ae-b2a4-4cce-a28c-2df988e0537f,Demarcus Robinson,215.6,58.8,WR110,WR,SF
43ea5795-c57d-463f-af6d-23685089f41f,Malik Washington,215.6,68.5,WR111,WR,MIA
df791444-6e48-4435-a11a-8907cc7efc73,Tank Dell,215.6,25.6,WR112,WR,HOU
b760285b-f146-44b7-91a6-80b79734aa3a,Keaton Mitchell,215.6,26.6,RB81,RB,BAL
978436e8-4ba8-480b-8ebc-e50c548808e4,Zack Moss,215.6,61.6,RB82,RB,CIN
20d13172-f781-47ca-84ca-048e8d8b29db,Taysom Hill,215.6,43.5,TE38,TE,NO
fb804140-7525-489c-8e3c-152ddcbd7712,Tez Johnson,215.6,28.8,WR113,WR,TB
50224a13-c0a8-4226-8e19-56fc4c0e257b,Allen Lazard,215.7,69.8,WR114,WR,NYJ
60c195a8-e9c9-4f75-8551-537d3ec25c6d,Noah Brown,215.7,58,WR114,WR,WAS
e2a9db24-836f-410b-8fbc-92ebf65aa172,Brandin Cooks,215.7,68.5,WR116,WR,NO
97b95328-40e0-40a5-8f23-f57059acb9bc,Ty Johnson,215.7,46.8,RB83,RB,BUF
da6aa094-cee3-40a8-aef1-4a8941967c3f,Ben Sinnott,215.7,46.5,TE39,TE,WAS
e7bd3b67-74c9-40f4-a747-d67e35c609fb,Oronde Gadsden,215.7,24.1,TE39,TE,LAC
81ee69b2-a3d6-4844-9e70-3e59b8e9265a,Xavier Restrepo,215.7,0,WR117,WR,
355ef517-f1e6-40dc-93f3-840822bb537e,Gabe Davis,215.7,76.6,WR118,WR,JAC
f95089a4-a293-43bc-85e1-14b5c682c5b4,Gunnar Helm,215.7,30.4,TE41,TE,TEN
7ebccb67-953e-4e9d-864b-c85bd4064346,Hunter Renfrow,215.8,26.7,WR119,WR,
5f9ab9ae-8374-4dca-8ff1-660f399c587c,Kendre Miller,215.8,48.5,RB84,RB,NO
c18bc302-ffa3-4a6d-8342-967aa2c312aa,Will Howard,215.8,0,QB38,QB,PIT
5cf07039-7b68-4d27-8984-7040fe6d24e5,Malachi Corley,215.8,69,WR120,WR,NYJ
6740daf6-d0f8-46cd-ae2c-7dc4774b6de0,Isaiah Davis,215.8,51,RB85,RB,NYJ
0ea8521f-7fe9-4feb-8383-d4c68de52a02,Will Dissly,215.8,60.2,TE42,TE,LAC
49d00288-8c14-4e07-a415-8954c227c9cc,Noah Fant,215.8,71.7,TE43,TE,SEA
9a50e7df-e06f-49cd-aa5a-a13f7ac8ab44,Antonio Gibson,215.9,44.8,RB86,RB,NE
9e10c4dc-5380-4094-b5fd-03faf540337d,Arian Smith,215.9,33,WR121,WR,NYJ
60548cf8-e520-478b-a3e0-0f7b781f1471,Luke McCaffrey,215.9,29.8,WR121,WR,WAS
b9f51ee6-1566-4236-b4ee-8414eb60b412,Emanuel Wilson,215.9,45.9,RB87,RB,GB
75ed17a8-5d4f-4007-957b-0a6733ddf392,Dameon Pierce,215.9,56.9,RB88,RB,HOU
c5278c01-f7c3-4163-9ed0-9b76a84b06d3,Calvin Austin III,215.9,54.3,WR123,WR,PIT
74d0909b-cf5a-416d-9d46-d83b34c9d947,Kirk Cousins,215.9,46.9,QB39,QB,ATL
c423d62d-5442-42d4-a157-331f61d8c0a8,Jahan Dotson,215.9,31.9,WR123,WR,PHI
41527475-e452-40be-92c0-8ad78e0a4ef7,Tim Patrick,215.9,31.5,WR123,WR,DET
bc0d53ee-7459-4b26-b8d3-2943656b2538,Kalel Mullings,215.9,27.6,RB89,RB,TEN
3c447c3d-b2ae-44be-9b4c-5a7efe6bfdb9,Parker Washington,215.9,25.6,WR123,WR,JAC
ce8d7e0a-fff7-4717-877b-b2721294442b,Lawrence Keys,215.9,0,WR123,WR,
ca78bb58-7fcc-48a2-9e66-5c5f01a1e0bb,Devin Singletary,215.9,51.2,RB90,RB,NYG
e72fd8fd-64af-4e64-a6d9-bc8bda771e37,Kendrick Bourne,215.9,47.7,WR128,WR,NE
959704b1-09ac-4a6b-9a72-30aff9a986b6,Luke Schoonmaker,215.9,30,TE44,TE,DAL
a655af02-fbb7-4db9-999c-2c264570f63a,Jonathon Brooks,215.9,8.7,RB90,RB,CAR
ee9672ca-16d6-4210-8c4e-346d7c659565,Jimmy Horn,215.9,0,WR129,WR,CAR
9a6b601c-81b4-41e0-bc9e-99067890d849,Greg Dortch,215.9,59.3,WR130,WR,ARI
6b913e90-e07f-4587-875c-8eead122de28,Jermaine Burton,215.9,58.6,WR130,WR,CIN
dc98d5aa-5219-47c4-9c96-0d1c5158a58d,Mack Hollins,215.9,44,WR130,WR,NE
9544675f-20bf-4fc2-9d60-b27ba8c4f5a9,Khalil Herbert,215.9,43.4,RB92,RB,IND
03ed3f29-655b-4b39-9e8c-986289957629,Kenneth Gainwell,215.9,39.7,RB92,RB,PIT
794f2151-81b5-4812-8e86-6e45efbd5e61,Trey Palmer,215.9,3.5,WR130,WR,TB
364ba0e3-b5b3-4010-a3c5-950746f31c0b,Raheim Sanders,215.9,3.3,RB92,RB,LAC
d013e217-a4c1-4222-bd8d-5d8207393c06,Breshad Perriman,215.9,0,WR130,WR,
9ab9905f-4b27-4de3-9a80-09bad046eb1e,Dawson Knox,215.9,46.7,TE45,TE,BUF
f8c6033e-850d-45f9-8ff0-985601266a33,Samaje Perine,215.9,42.9,RB95,RB,CIN
235736d2-cea0-4504-b5ae-12232850ded3,JuJu Smith-Schuster,215.9,27.4,WR135,WR,KC
c4a08f72-599c-4ab7-b733-7f2ee5878ce6,Ja'Lynn Polk,215.9,24.8,WR135,WR,NE
dbff836b-ad84-41d9-aa3b-e53dd3dbf4b1,Taylor Heinicke,215.9,11.6,QB40,QB,LAC
f081b4f9-2ccd-4915-ab58-5d4c2d4474e1,Bryce Ford-Wheaton,215.9,0,WR135,WR,NYG
95f0b3e2-92b8-430c-ac2e-d543cac91d28,Brandon Allen,215.9,0,QB40,QB,TEN
37ad4f63-3964-485c-9d60-09abf7372331,Trenton Irwin,215.9,0,WR135,WR,
429848f5-b190-489f-b67f-1cf47d091fc7,Michael Mayer,215.9,55,TE46,TE,LV
6212d548-a31d-4690-8de8-b8313672a462,Christian Watson,215.9,42.2,WR139,WR,GB
3ae4388b-8078-4b58-8c2f-24e0893edebf,KhaDarel Hodge,215.9,26.5,WR139,WR,ATL
b3da238b-5afa-4b76-8e66-34ac61f527f6,AJ Dillon,215.9,25.4,RB96,RB,PHI
c9fbb50b-4617-4368-b7ac-fd02053ea786,KeAndre Lambert-Smith,215.9,5.1,WR139,WR,LAC
840278ec-0ad5-4ba3-923e-2dda905a735f,Roman Wilson,216,51.3,WR142,WR,PIT
9a574823-c8b6-440c-b9ce-708c92a9613b,Kenny Pickett,216,24.8,QB42,QB,CLE
be4542f6-942d-4b9d-bd50-b565e4ade219,Will Levis,216,24.7,QB42,QB,TEN
35abf2f2-7061-4647-b252-936c1bf5949f,Brevin Jordan,216,21.2,TE47,TE,HOU
3ac9a699-de82-4bb2-96c8-4f1ee1a8685f,Spencer Rattler,216,13.9,QB42,QB,NO
64e7901e-e045-41a5-9b6c-cc290fe12e08,Mac Jones,216,12.1,QB42,QB,SF
1a966b2d-815d-4947-a50f-e59fd8af882e,Patrick Ricard,216,10.5,RB97,RB,BAL
cdf7046f-fbf4-450a-8483-b9b5da4ee3ad,Corey Kiner,216,0,RB97,RB,
d84d18f3-8260-45e3-803c-a7ac6a718c98,Elijah Moore,216,0,WR142,WR,
291bce7f-f3b9-4854-8c28-45e5959f0b3c,DeAndre Washington,216,0,RB97,RB,
02b277af-47cb-41a5-9e9e-e9376470b02e,Samson Nacua,216,0,WR142,WR,
1c420729-1d4b-41c4-9bd9-60bd4a14640e,Josh Oliver,216,22.5,TE48,TE,MIN
cc6dfcab-04a0-461a-8e30-2763b475086f,Trevion Cooley,216,0,RB100,RB,
028567e1-468a-4406-921f-f30f31ad1db2,Traeshon Holden,216,0,WR145,WR,DAL
ccba8897-4f50-485c-9e40-dfe4e739bf33,Isaiah Bond,216,0,WR145,WR,
cdf31448-6c29-4f6b-a265-14a0c4d0431c,Riley Leonard,216,0,QB46,QB,IND
a6c909f3-2300-45a9-9ecf-ffb64625f8f0,Logan Diggs,216,0,RB100,RB,
adcec9ee-476d-4b84-aebf-60f1f9778262,Lan Larison,216,0,RB100,RB,
5d902efc-d274-4db6-9db3-51b590748e07,Nick Nash,216,0,WR145,WR,
ce85d898-99c0-4dcb-853b-a51233049cd9,Elijhah Badger,216,0,WR145,WR,KC
e5693812-f80a-449d-92b9-ac7ef2145b86,Alexander Mattison,216,29.2,RB103,RB,MIA
8c65dfff-d86e-46ad-8458-4eb025f10106,Ty Chandler,216,28.8,RB103,RB,MIN
e207fbe7-627a-4c8b-beb0-1fc5218bf8ac,Jameis Winston,216,28.3,QB47,QB,NYG
7f59fcfc-9e1e-44ec-99dc-b475700d408f,Bo Melton,216,25.2,WR149,WR,GB
f0b47a46-c3a8-4de2-ad93-37265692e3f4,Treylon Burks,216,23.7,WR149,WR,TEN
be728ad0-942c-47ad-b547-a1b253ebf74b,Charlie Kolar,216,20.8,TE49,TE,BAL
2e8ba67e-9a68-4e7a-b365-f4083f54a396,Charlie Woerner,216,15.7,TE49,TE,ATL
daa42982-756e-4f56-9d14-0e9c2122e5b4,Mason Rudolph,216,11.7,QB47,QB,PIT
611aa155-49c6-43a2-bd3b-8fde526b7656,Jonathan Mingo,216,6.3,WR149,WR,DAL
ded67742-22ad-4933-8aa1-baadb1d3f8f4,Jordan Watkins,216,5.1,WR149,WR,SF
b700e4d6-99b4-48cc-80a5-ca0bf0a54a68,Josh Reynolds,216,0,WR149,WR,NYJ
338b1d80-95b2-4f28-be69-f3967544c1e7,AJ Barner,216,58,TE51,TE,SEA
09ae0fa0-b89b-4e5a-a120-aca14903bca2,Olamide Zaccheaus,216,47.6,WR154,WR,CHI
867633ae-13fa-454b-a663-aab091c5e3ba,Dillon Gabriel,216,24.8,QB49,QB,CLE
f146cb9a-934a-4c88-9b1f-3369ffc1905a,Kylen Granson,216,24.3,TE51,TE,PHI
cbb7d7e5-c32a-4c82-83f5-924a9635336b,Grant Calcaterra,216,22.5,TE51,TE,PHI
ef760b88-6762-4175-828e-ecf05629d09c,Johnny Wilson,216,20.5,WR154,WR,PHI
687a7db7-3bc6-4b9e-af8f-917d953bd543,Joe Milton,216,13.5,QB49,QB,DAL
6a877013-40bd-4cc0-b7f0-412099ff37f5,Phil Mafah,216,3.3,RB105,RB,DAL
9d6cc579-91db-4383-abb2-918f0514b719,Jacob Cowing,216,0.5,WR154,WR,SF
1d56d330-e18e-4043-9013-60f6a8e4d9e9,Ricky White,216,0,WR154,WR,SEA
cec50951-3dd8-4e9d-b9ff-892586899b9b,Feleipe Franks,216,0,TE51,TE,ATL
ce9241de-3e1e-42e6-9a52-f2c8a66255b6,Jarvis Landry,216,0,WR154,WR,
ac7cea0f-c10d-4a54-888d-3a4524d6c100,KJ Jefferson,216,0,QB49,QB,
dff571be-4eb8-4dd3-86a9-c77b02d369c2,Kaden Prather,216,0,WR154,WR,BUF
1cc02f97-5c39-47f9-9303-f6386b1b38e4,LeQuint Allen,216,0,RB105,RB,JAC
217800a2-9c45-41d0-8b1c-23940f51e1f0,LaJohntay Wester,216,0,WR154,WR,BAL
fa193b30-e49b-4eb5-9eeb-f760b5a2124b,Austin Hooper,216,38.5,TE55,TE,NE
f852786a-8116-4caa-b60e-a441ea8c5352,Emari Demercado,216,33.3,RB107,RB,ARI
78d3fad5-b6e8-421c-8a10-758a6b979e46,Luke Musgrave,216,33.2,TE55,TE,GB
5f673c83-adcf-4290-bd9b-be03ac7585a1,Deshaun Watson,216,32.5,QB52,QB,CLE
11f81f18-3bf3-4797-a7ca-d336e839c099,Cade Stover,216,27.1,TE55,TE,HOU
a9b249e1-cd17-48a6-8838-ecd4a135906c,Tommy Tremble,216,27,TE55,TE,CAR
146a4b98-24ec-4267-b549-6b5a14830a6e,Jalin Hyatt,216,25.5,WR161,WR,NYG
ed8c1ea8-07f5-455c-bb6b-265cee07947a,Van Jefferson,216,24.8,WR161,WR,TEN
f29aeaf8-bcec-411a-984a-4912300d76cd,Mitchell Evans,216,24.2,TE55,TE,CAR
2d6bf3b7-e410-428a-993e-0fbb8f815a08,Devontez Walker,216,22.7,WR161,WR,BAL
0469d1c4-8adb-4d56-885d-d971b9ceeda0,Tylan Wallace,216,17.9,WR161,WR,BAL
8b0346f1-b00d-4ba0-b77c-adae7afe0fc0,Mecole Hardman Jr.,216,17.9,WR161,WR,GB
1d1a993c-f824-440d-b1b7-212bf6b707db,Tyler Badie,216,7.8,RB107,RB,DEN
63eed6df-3247-4ab5-bf91-e1e6fdf3204e,Tommy Mellott,216,0,WR161,WR,LV
d0284725-bbe6-44de-a94d-2ed66b1ffee9,Derrick Gore,216,0,RB107,RB,
99ff2014-55a9-48af-a585-b1b8bb1faaec,Jakob Johnson,216,0,RB107,RB,HOU
d1060e4e-55af-4fb8-b1f4-1552ffe7946a,Kirk Merritt,216,0,WR161,WR,
d6e0c53b-b763-4beb-8602-8ac7c072c4c4,Sam Howell,216,0,QB52,QB,MIN
a1ef6228-71bc-4542-8659-9f51042112b8,Deuce Watts,216,0,WR161,WR,
ef830dc7-b7c7-4929-b3d3-f17853aa6a87,Quinn Ewers,216,0,QB52,QB,MIA
33ba65b2-e075-4804-a223-a6008894f6e2,Konata Mumpfield,216,0,WR161,WR,LA
83e2ee88-11da-468c-8b04-081ee7a5346b,Rivaldo Fairweather,216,0,TE55,TE,DAL
a7f67b7a-1598-48d5-b9bc-b7921b03f5c7,Chris Rodriguez,216,44.6,RB111,RB,WAS
9e3ad24b-e1c8-48e7-a24f-13e5d2aee38a,Elijah Higgins,216,33.1,TE61,TE,ARI
c8d9e613-cf2a-44ce-b4ad-5362db4512fa,Tyler Goodson,216,30.9,RB111,RB,IND
90a01137-4675-48fd-8700-458d7bd68c08,Jeremy Ruckert,216,29.1,TE61,TE,NYJ
b2953b43-ce06-484f-8391-3ceb66f98176,Kalif Raymond,216,28.8,WR170,WR,DET
1bcd5536-b752-41da-adbd-87d66102f374,Lucas Krull,216,25.5,TE61,TE,DEN
997e7ceb-de79-49aa-905d-71ee7c61c946,Zay Jones,216,25,WR170,WR,ARI
89d00331-dcfb-4aef-93e6-2f3aa9b71558,Kyle Juszczyk,216,24.8,RB111,RB,SF
651c9c67-ffc8-4c0d-8c13-6041a461bb15,Colby Parkinson,216,24.2,TE61,TE,LA
84da8739-8e06-4e91-a0cd-485f65d2f2c7,Kimani Vidal,216,22.5,RB111,RB,LAC
cd0a1a78-4d82-46eb-9272-36f1f515cf83,John Metchie III,216,21.5,WR170,WR,HOU
3a2e5c22-2d9f-4075-9a03-bd7a911f9bc0,Javon Baker,216,21,WR170,WR,NE
08f57fcc-44d5-439a-9f14-13e930dd99ad,Malik Willis,216,20.5,QB55,QB,GB
dddd6ff2-1e3c-46f2-9e3e-9951b1cacd3b,Payne Durham,216,19.3,TE61,TE,TB
7de1d6e7-566d-429b-9ef6-3d2a55373b60,Nick Mullens,216,17,QB55,QB,JAC
0fd437ac-a997-4535-9384-4ee0fdf6c937,Marcus Mariota,216,13.2,QB55,QB,WAS
d4ccb80f-d585-42c9-a080-0ee5ab92445b,Rondale Moore,216,6.6,WR170,WR,MIN
835e62ce-f8b9-4e64-bf6e-aad6b429d25d,Gavin Bartholomew,216,0,TE61,TE,MIN
0fa340cb-818b-4b44-834d-b54fe7ef8581,Ryan Flournoy,216,0,WR170,WR,DAL
641b8b20-9a2f-4601-b08f-d9f79dc51dfc,Moliki Matavao,216,0,TE61,TE,NO
f1a7f129-9a6f-4d88-9f2e-cae70c5a5eca,Donovan Edwards,216,0,RB111,RB,
3afecb81-6c2f-4b70-bde1-794e81e6e2b6,Efton Chism III,216,0,WR170,WR,
5ed897ac-a366-46c8-93b9-ce25679810ca,Jelani Woods,216,0,TE61,TE,IND
c05ea5c7-1c39-4321-ab82-e07552c59765,Terrace Marshall Jr.,216,0,WR170,WR,PHI
678ed92e-0b63-4dc6-b38f-5e24bf1a8dab,Zach Wilson,216,0,QB55,QB,MIA
8562d30d-f118-4bca-ac9f-0d8601d98ca9,Kelvin Harmon,216,0,WR170,WR,DAL
2d0e6da6-c037-45f6-83bb-d8e68540f2c3,Isaiah Williams,216,0,WR170,WR,CIN
4b2071d8-d3ad-4597-99d4-bd3a218a449a,Stone Smartt,-,32.1,,TE,NYJ
26f704f4-985e-42d4-bc78-230cf4eb1db7,Dare Ogunbowale,-,30.2,,RB,HOU
4f97af23-bac0-42d4-8646-2f9473f06643,Darnell Washington,-,28.6,,TE,PIT
835a5fa3-f0fc-4df9-b56d-2072abccfedb,Derius Davis,-,27.9,,WR,LAC
0422dbab-b339-4e15-8eda-dd2c339c6d07,Daniel Bellinger,-,27.6,,TE,NYG
145a2016-4a3d-4cdb-be8a-eaa539e231b6,Bub Means,-,26.7,,WR,NO
77bbfa72-99c3-497c-8ea7-dc6484977d95,Josh Whyle,-,26.5,,TE,TEN
d0bab80c-0a37-4431-8a68-b89e30e675d7,Cordarrelle Patterson,-,26.5,,RB,PIT
94a659c3-6760-4920-a94c-b0cc3db9a500,Kenny McIntosh,-,25.9,,RB,SEA
27749f4e-aacc-4464-9245-fe3d7c2f0471,Michael Carter,-,25.8,,RB,ARI
7a24ce0d-b795-4d47-9a87-7fbf155bce9a,Devin Culp,-,25.3,,TE,TB
cfe5150b-89ba-4afb-9f93-37697a78b592,Lil'Jordan Humphrey,-,24.6,,WR,NYG
3f361f67-47b7-4daf-bcbe-8b1dd83a190c,David Moore,-,24.3,,WR,CAR
47c21212-cf44-4b5f-bb98-dbef1b2d08a3,Michael Woods,-,24.3,,WR,CLE
5fa46afa-87db-4079-a7fe-1c4c770c04fe,Brock Wright,-,24.2,,TE,DET
83b460d2-96ad-43ef-a25a-f472da02dd66,Jaheim Bell,-,24.1,,TE,NE
b486b3fa-27f7-400a-99bd-e50a7c589fc8,Rasheen Ali,-,23.8,,RB,BAL
3a077bf8-5c6c-4ff2-966f-e06dd8bbcba2,Jake Bobo,-,23.6,,WR,SEA
8030ff68-3a5f-4c4a-bc5b-1a0f3bac1ae0,Adam Trautman,-,23.5,,TE,DEN
d252cf1e-50e3-47de-a450-a48660ec4fd5,Tanner Hudson,-,22.4,,TE,CIN
3c8c5d0e-0625-467b-a94f-4d6f8f0d0ca4,Drew Sample,-,21.7,,TE,CIN
58c15ee8-d68a-4e3c-98be-fc5e4868018a,Will Mallory,-,21.6,,TE,IND
a9a04d19-2c2f-4fa5-a565-12eb9c97c7ff,Jackson Hawes,-,21.6,,TE,BUF
77a3e673-4d6d-43b6-bbea-dbf1755e62cb,Robert Woods,-,21.1,,WR,
6ead4187-3e1e-482b-8256-4d55a776359e,Brevyn Spann-Ford,-,21.1,,TE,DAL
be686c8c-94cc-4c25-803a-a9b3451d01df,Justin Watson,-,21.1,,WR,HOU
d21aea3b-2440-4a64-a9a0-4ebecee2139f,Sterling Shepard,-,21.1,,WR,TB
dc42ca2b-8ad8-44d0-a2cc-19200956908b,Harrison Bryant,-,20.7,,TE,PHI
66aa7bbb-823b-42e3-a078-d005193a46eb,Zamir White,-,20.3,,RB,LV
743d9cc0-2683-483d-aeef-2f1a6d9aa40f,Chris Brooks,-,20,,RB,GB
6b6e1217-dc46-405d-bdff-696d0825c8b0,Tucker Fisk,-,19.4,,TE,LAC
0c243979-3bb1-4217-aa4c-92187209cc4e,Foster Moreau,-,18.7,,TE,NO
73639f4d-0b4d-494a-8366-c17fe8c9b577,Carson Steele,-,18.6,,RB,KC
71f0793c-4679-4b99-a831-5474b27af1fb,Gardner Minshew II,-,17.4,,QB,KC
a2be026f-7621-4450-bb68-6744b698b6d0,John Bates,-,17.4,,TE,WAS
b67d7370-c0c5-4f6b-9c50-808e610ef632,Tip Reiman,-,16.5,,TE,ARI
cbee272a-5a80-43db-9d97-3523d93cf5f5,Trey Lance,-,14.4,,QB,LAC
09a94e04-6906-45fd-ac6e-671fbb94a89b,Alec Ingold,-,14.1,,RB,MIA
901a3d85-7766-42f8-bbd5-c81d11e9386c,DeeJay Dallas,-,13.7,,RB,ARI
a9ed113f-1403-44cd-8682-92daf2e4bdf5,Julian Hill,-,13.5,,TE,MIA
bccd3f24-856e-48ed-ba18-d9acc7b61e4c,Joshua Dobbs,-,13.4,,QB,NE
5eea69c7-d9a8-4f96-9ce7-c37e57f44aaf,Hunter Luepke,-,13.1,,RB,DAL
340c3a26-9b65-470c-b22b-1be6ee51da85,Jake Browning,-,12.9,,QB,CIN
678c69ed-93f0-497a-8b2a-d7c4f8b17ea2,Hendon Hooker,-,12.9,,QB,DET
82c61c8c-08d2-4a0f-897c-d38fdbb8164b,Tyson Bagent,-,12.7,,QB,CHI
a1ecaad8-2cad-488d-a58c-0f892424fa60,Tyrod Taylor,-,12.7,,QB,NYJ
33302315-e447-4803-921e-dce3dd2ac9b3,Stetson Bennett,-,12.5,,QB,LA
ed4d6d88-6142-4a3f-80b5-00d52e1370b0,Josh Johnson,-,12.4,,QB,WAS
4d04a5a3-4653-4b10-8cf1-b12d890c0844,Aidan O'Connell,-,12.3,,QB,LV
21cef4da-3d39-4450-ab87-61f0de33e11f,Tanner McKee,-,12.1,,QB,PHI
dc9c865a-4fc8-4ec6-be9e-760e4bbf3db6,Mitchell Trubisky,-,12,,QB,BUF
dcbc1af3-961d-4f74-939d-5ec1d10ec212,Andy Dalton,-,11.9,,QB,CAR
0ae80912-16b7-4ba6-893f-57326416f7f1,Kyle Trask,-,11.9,,QB,TB
71d354cb-d811-443a-be64-920123ead4bc,Cooper Rush,-,11.9,,QB,BAL
9a93205d-7561-48ed-adc3-25b2478d88a0,Jacoby Brissett,-,11.8,,QB,ARI
0c4b6684-c761-4079-8303-e44b002a8c3f,Drew Lock,-,11.8,,QB,SEA
4540df6b-265b-42c4-af06-ad9c587cdcee,Jarrett Stidham,-,11.7,,QB,DEN
22a23bf5-d3bf-4477-9dc2-9da43bdbe23b,Davis Mills,-,11.7,,QB,HOU
9897f1db-94bd-4dd6-88a2-e0b4666b86bc,Clayton Tune,-,11.6,,QB,ARI
da4fcb56-a1ec-457c-ad5e-ca45747e6582,Jimmy Garoppolo,-,11.5,,QB,LA
f1b84da8-7ded-4fe5-a6e7-9c2940670b12,Xavier Gipson,-,9.7,,WR,NYJ
3135942c-874e-43ed-9255-a90300b1cbce,Craig Reynolds,-,9,,RB,DET
ab5f1858-7017-423d-b2d9-baf6f76b3956,Clyde Edwards-Helaire,-,7.8,,RB,NO
3979145f-4c16-4924-80f0-705360a04971,Trent Sherfield,-,7.6,,WR,DEN
aa755072-4470-43b8-99b0-e637bdb48100,Pierre Strong Jr.,-,7.5,,RB,CLE
a1eeec5e-42e5-4c9e-b4ab-5e7556305238,Durham Smythe,-,7.3,,TE,CHI
67aa5eaa-a054-483a-be79-346a535ad1c5,Ashton Dulin,-,7.2,,WR,IND
208c3bdb-f32e-4a85-9557-f9af3fda3f60,Anthony Gould,-,7,,WR,IND
b5f6b952-eb8f-43c5-ada9-1ad1111a4a67,Avery Williams,-,7,,RB,PHI
050c82a0-9b23-47f0-9e2d-0d4af1f811e9,Xavier Smith,-,6.7,,WR,LA
4b847521-bdfd-49ed-9794-2c33bb6287cd,Eric Gray,-,6.6,,RB,NYG
76be2e49-10c9-49a3-916f-58b8ebb274c6,Julius Chestnut,-,6.5,,RB,TEN
7785eade-6607-4f5e-8f8f-ec1918814028,Dylan Laube,-,6.2,,RB,LV
440305ca-a0a0-4eb7-b200-6fe732f0cf7c,Davis Allen,-,6.1,,TE,LA
1fb9042e-ca9b-4f2d-84b5-0ea6d0513acc,Mo Alie-Cox,-,6.1,,TE,IND
57026f14-db35-442a-8cde-b5357cbca275,Kenny Yeboah,-,6,,TE,DET
0a6fac1b-ee05-4cba-b7ba-1116a9222b22,Sione Vaki,-,6,,RB,DET
65d635d1-4824-4797-b798-baf0b4a38568,Jase McClellan,-,5.8,,RB,ATL
00f0e45f-a7fb-4048-95ec-c9521cbf3a35,Keilan Robinson,-,5.7,,RB,JAC
062b2a91-b675-4734-b41b-b4e6ea4a401b,Deuce Vaughn,-,5.6,,RB,DAL
63e98a47-ab10-4f11-bfc8-15760ef2441b,Devin Duvernay,-,5.6,,WR,CHI
5d3055f2-2a19-46b6-80ab-c4c06f7903c4,Jeremy McNichols,-,5.3,,RB,WAS
02c58e70-da47-4bbb-a925-97a5a7cfdcab,Tyler Scott,-,5.1,,WR,CHI
bae7cd0e-42de-4feb-9e50-96dab6bcd650,Travis Homer,-,4.7,,RB,CHI
b2e72d2c-aaa9-4a83-b7b3-eba29f56891c,Braxton Berrios,-,4.6,,WR,HOU
0537e91c-5bca-4968-86c3-7040af95998f,Raheem Blackshear,-,4.6,,RB,CAR
88c47340-0bce-4c1b-b7db-a039354115a3,Hassan Haskins,-,4.5,,RB,LAC
8ecab4bb-74e8-46fa-8ecc-c4d98cb98968,DeAndre Carter,-,4.5,,WR,CLE
da1f8a98-3836-45d8-a651-0aa945c0327d,Drew Ogletree,-,4.5,,TE,IND
fa4a9b69-bec2-4a29-b93f-66981407322f,Johnny Mundt,-,4.4,,TE,JAC
c23672c1-a7f9-4537-97a4-b999a2e3cf40,Ian Thomas,-,4.4,,TE,LV
5eee012c-39c7-4468-a185-7e02a1f4c6e5,Patrick Taylor,-,4.4,,RB,SF
708ad3b5-091e-4ea1-82e3-8d6bf6f2f67f,Eric Saubert,-,4.3,,TE,SEA
05e01406-68cc-491d-b473-70997a76eb1f,Rakim Jarrett,-,4,,WR,TB
c290fc79-b219-43da-a1fc-f62c363c2908,Ronnie Rivers,-,3.4,,RB,LA
64231658-3a61-4767-b0de-cb16cf77b66a,Cedrick Wilson,-,3.1,,WR,NO
e48b378c-07a9-4d93-a870-4fc4cb2e6500,Dante Pettis,-,3.1,,WR,NO
dd2afcbb-7056-4832-abe0-9a2a3eff2fc0,Greg Dulcich,-,2.9,,TE,NYG
03d4f85a-ef42-49ab-91ec-1e8ef68049c2,Chris Manhertz,-,2.9,,TE,NYG
6571c15b-569e-45dc-90b8-9b8564feb704,Jha'Quan Jackson,-,2.1,,WR,TEN
d7ba14fc-4213-4d3f-aa35-15019be03b2b,Chris Moore,-,1.9,,WR,WAS
