Player,Position,ADP,Team
Ja'Marr Chase,WR,1.1,CIN
Saquon Barkley,RB,2.7,PHI
Justin Jefferson,WR,3,MIN
Bijan Robinson,RB,3.8,ATL
CeeDee Lamb,WR,4.8,DAL
Jahmyr Gibbs,RB,6,DET
Malik Nabers,WR,7.5,NYG
Ashton Jeanty,RB,8.6,LV
Amon-Ra St. Brown,WR,9,DET
Puka Nacua,WR,9.6,LAR
Nico Collins,WR,11.4,HOU
Christian McCaffrey,RB,11.4,SF
Brian Thomas,WR,12.7,JAX
Derrick Henry,RB,14.6,BAL
Drake London,WR,15.8,ATL
Brock Bowers,TE,15.9,LV
A.J. Brown,WR,17.1,PHI
De'Von Achane,RB,17.7,MIA
Ladd McConkey,WR,18.4,LAC
Jonathan Taylor,RB,20.5,IND
Trey McBride,TE,21.9,ARI
Tee Higgins,WR,22.5,CIN
Bucky Irving,RB,23.4,TB
Garrett Wilson,WR,23.9,NYJ
Rashee Rice,WR,25.8,KC
Jaxon Smith-Njigba,WR,26.4,SEA
Josh Jacobs,RB,27,GB
Marvin Harrison,WR,27.2,ARI
Terry McLaurin,WR,29.1,WAS
Chase Brown,RB,29.2,CIN
Davante Adams,WR,30.2,LAR
Tyreek Hill,WR,32.2,MIA
Kyren Williams,RB,32.9,LAR
Lamar Jackson,QB,34.3,BAL
Breece Hall,RB,34.3,NYJ
Josh Allen,QB,35.9,BUF
Mike Evans,WR,36.8,TB
Xavier Worthy,WR,37.9,KC
James Cook,RB,38.8,BUF
Tetairoa McMillan,WR,40.1,CAR
DJ Moore,WR,41.7,CHI
Jayden Daniels,QB,41.8,WAS
Travis Hunter,WR,43.1,JAX
DeVonta Smith,WR,44.1,PHI
Omarion Hampton,RB,46,LAC
DK Metcalf,WR,46.9,PIT
Jalen Hurts,QB,48.1,PHI
RJ Harvey,RB,48.8,DEN
Courtland Sutton,WR,49.5,DEN
Joe Mixon,RB,49.6,HOU
George Kittle,TE,51,SF
Joe Burrow,QB,52,CIN
Zay Flowers,WR,52.3,BAL
Jameson Williams,WR,52.5,DET
Kenneth Walker,RB,53.7,SEA
George Pickens,WR,54.3,DAL
Chuba Hubbard,RB,56.7,CAR
Calvin Ridley,WR,58.2,TEN
Jaylen Waddle,WR,58.7,MIA
Alvin Kamara,RB,59.7,NO
Jerry Jeudy,WR,61.8,CLE
TreVeyon Henderson,RB,62.7,NE
Chris Godwin,WR,64,TB
Jauan Jennings,WR,64.7,SF
James Conner,RB,66,ARI
Jordan Addison,WR,66.1,MIN
David Montgomery,RB,68.1,DET
Chris Olave,WR,68.3,NO
Sam LaPorta,TE,68.4,DET
Deebo Samuel,WR,69.3,WAS
Rome Odunze,WR,71.2,CHI
Quinshon Judkins,RB,72.5,CLE
Jakobi Meyers,WR,73.1,LV
Kaleb Johnson,RB,73.7,PIT
Tony Pollard,RB,74.5,TEN
Ricky Pearsall,WR,75.3,SF
Stefon Diggs,WR,76,NE
Khalil Shakir,WR,77.9,BUF
Aaron Jones,RB,78.7,MIN
Patrick Mahomes,QB,80.5,KC
D'Andre Swift,RB,80.9,CHI
Matthew Golden,WR,81.9,GB
Brandon Aiyuk,WR,83.6,SF
Jayden Reed,WR,84.3,GB
T.J. Hockenson,TE,84.6,MIN
Brian Robinson,RB,87.2,WAS
Cooper Kupp,WR,87.6,SEA
Baker Mayfield,QB,89.7,TB
Josh Downs,WR,90.1,IND
Travis Kelce,TE,92.3,KC
Isiah Pacheco,RB,92.6,KC
Cam Skattebo,RB,92.6,NYG
Darnell Mooney,WR,94,ATL
Justin Fields,QB,94.2,NYJ
Jonnu Smith,TE,96,MIA
Michael Pittman,WR,96.7,IND
Kyler Murray,QB,96.9,ARI
Bo Nix,QB,98.5,DEN
Jaylen Warren,RB,98.8,PIT
Tre Harris,WR,98.9,LAC
Jayden Higgins,WR,101.9,HOU
Caleb Williams,QB,102.1,CHI
Jordan Mason,RB,102.2,MIN
Emeka Egbuka,WR,104.5,TB
Najee Harris,RB,105.3,LAC
Mark Andrews,TE,105.6,BAL
Brock Purdy,QB,107,SF
Zach Charbonnet,RB,108.2,SEA
Luther Burden,WR,109.1,CHI
Tyrone Tracy,RB,110.5,NYG
Evan Engram,TE,111.2,DEN
Rashod Bateman,WR,111.5,BAL
Bhayshul Tuten,RB,112.1,JAX
Jared Goff,QB,112.9,DET
Dak Prescott,QB,114.2,DAL
Jaydon Blue,RB,114.4,DAL
Drake Maye,QB,118.1,NE
Keon Coleman,WR,118.4,BUF
Marvin Mims,WR,118.6,DEN
Rashid Shaheed,WR,118.9,NO
Justin Herbert,QB,120.4,LAC
Colston Loveland,TE,121.7,CHI
Javonte Williams,RB,124,DAL
David Njoku,TE,124.3,CLE
Rhamondre Stevenson,RB,125.1,NE
Travis Etienne,RB,125.9,JAX
Kyle Williams,WR,126.3,NE
Jack Bech,WR,128.3,LV
Jordan Love,QB,128.7,GB
Christian Kirk,WR,130,HOU
Tyler Warren,TE,130.4,IND
Trevor Lawrence,QB,131.6,JAX
C.J. Stroud,QB,133.1,HOU
Tyjae Spears,RB,133.4,TEN
Hollywood Brown,WR,135.1,KC
J.J. McCarthy,QB,136.2,MIN
Tucker Kraft,TE,136.6,GB
Dalton Kincaid,TE,137.1,BUF
Isaac Guerendo,RB,139.4,SF
Rachaad White,RB,140.2,TB
Dallas Goedert,TE,140.9,PHI
Trey Benson,RB,142.8,ARI
Michael Penix,QB,143.7,ATL
Jake Ferguson,TE,143.9,DAL
Cedric Tillman,WR,144.7,CLE
Ray Davis,RB,145.5,BUF
Isaiah Likely,TE,148.7,BAL
Tua Tagovailoa,QB,149,MIA
Kyle Pitts,TE,150.4,ATL
Jalen McMillan,WR,150.4,TB
Austin Ekeler,RB,150.6,WAS
Bryce Young,QB,152.8,CAR
Tyler Allgeier,RB,153.3,ATL
Tank Bigsby,RB,153.4,JAX
Quentin Johnston,WR,154.8,LAC
Adam Thielen,WR,154.9,CAR
Geno Smith,QB,157.4,LV
Cameron Ward,QB,158,TEN
Braelon Allen,RB,160.1,NYJ
Romeo Doubs,WR,160.6,GB
Zach Ertz,TE,161.6,WAS
Matthew Stafford,QB,162,LAR
Joshua Palmer,WR,162.2,BUF
Brenton Strange,TE,163.7,JAX
Anthony Richardson,QB,165,IND
Wan'Dale Robinson,WR,165.4,NYG
Rico Dowdle,RB,166,CAR
Pat Freiermuth,TE,167.8,PIT
Pat Bryant,WR,169.7,DEN
Keenan Allen,WR,170.2,CHI
Mike Gesicki,TE,170.4,CIN
Xavier Legette,WR,172.6,CAR
Will Shipley,RB,172.9,PHI
Jaylin Noel,WR,173.8,HOU
Sam Darnold,QB,174,SEA
Justice Hill,RB,174.1,BAL
Hunter Henry,TE,175.5,NE
Alec Pierce,WR,175.7,IND
Roschon Johnson,RB,176,CHI
Mason Taylor,TE,179.7,NYJ
J.K. Dobbins,RB,180.7,LAC
Jaylen Wright,RB,181.9,MIA
Cade Otton,TE,183.7,TB
Devin Neal,RB,184.6,NO
Michael Wilson,WR,185.8,ARI
MarShawn Lloyd,RB,186.3,GB
DeMario Douglas,WR,186.4,NE
DeAndre Hopkins,WR,189.1,BAL
Chig Okonkwo,TE,191.7,TEN
Elic Ayomanor,WR,192,TEN
Dylan Sampson,RB,192.6,CLE
Andrei Iosivas,WR,193.9,CIN
DJ Giddens,RB,194,IND
Darius Slayton,WR,194.8,NYG
Woody Marks,RB,195.1,HOU
Dalton Schultz,TE,195.9,HOU
Jarquez Hunter,RB,197.1,LAR
Jerome Ford,RB,199.6,CLE
Jaxson Dart,QB,200.8,NYG
Jalen Coker,WR,201,CAR
Juwan Johnson,TE,201.7,NO
Tyler Shough,QB,203,NO
Isaac TeSlaa,WR,204.9,DET
Blake Corum,RB,205.3,LAR
Tutu Atwell,WR,206,LAR
Jalen Royals,WR,206.3,KC
Kareem Hunt,RB,207.7,KC
Brashard Smith,RB,208.4,KC
Dontayvion Wicks,WR,209.3,GB
Tyler Higbee,TE,210.2,LAR
Tyler Lockett,WR,210.3,TEN
Nick Chubb,RB,211.4,CLE
Aaron Rodgers,QB,211.7,NYJ
Jalen Tolbert,WR,215.2,DAL
Amari Cooper,WR,215.7,BUF
Calvin Austin,WR,216.1,PIT
Russell Wilson,QB,216.7,NYG
Elijah Arroyo,TE,216.7,SEA
Theo Johnson,TE,218.6,NYG
Ja'Tavion Sanders,TE,219.3,CAR
Jaleel McLaughlin,RB,219.4,DEN
Sean Tucker,RB,220.4,TB
Roman Wilson,WR,220.5,PIT
Tahj Brooks,RB,221.1,CIN
Ray-Ray McCloud,WR,221.2,ATL
Adonai Mitchell,WR,221.3,IND
Daniel Jones,QB,221.4,IND
Jalen Milroe,QB,221.5,SEA
Dyami Brown,WR,222.2,JAX
Ty Johnson,RB,223.5,BUF
Shedeur Sanders,QB,223.6,CLE
Jordan James,RB,223.7,SF
Trevor Etienne,RB,223.8,CAR
Terrance Ferguson,TE,224,LAR
Diontae Johnson,WR,224.2,CLE
Miles Sanders,RB,224.5,DAL
Savion Williams,WR,224.8,GB
Demarcus Robinson,WR,225.2,SF
Taysom Hill,TE,225.2,NO
Keaton Mitchell,RB,225.4,BAL
Chimere Dike,WR,225.6,TEN
Noah Fant,TE,225.7,SEA
Cole Kmet,TE,225.9,CHI
Tai Felton,WR,226,MIN
Jimmy Horn,WR,226.1,CAR
Elijah Moore,WR,226.3,BUF
Elijah Mitchell,RB,226.3,KC
Allen Lazard,WR,226.8,NYJ
Audric Estime,RB,226.8,DEN
Noah Brown,WR,226.8,WAS
Ollie Gordon,RB,226.9,MIA
Harold Fannin,TE,227,CLE
Tyler Conklin,TE,227,LAC
Kayshon Boutte,WR,227.1,NE
Troy Franklin,WR,227.2,DEN
Isaiah Davis,RB,227.3,NYJ
Tre Tucker,WR,227.6,LV
Jaylin Lane,WR,228.1,WAS
Tory Horton,WR,228.4,SEA
Xavier Restrepo,WR,228.5,TEN
Parker Washington,WR,228.7,JAX
Noah Gray,TE,229.3,KC
Marquez Valdes-Scantling,WR,229.3,SEA
Nick Westbrook-Ikhine,WR,229.4,MIA
Kendre Miller,RB,229.5,NO
Jacory Croskey-Merritt,RB,229.8,WAS
Raheem Mostert,RB,229.9,LV
Malik Washington,WR,229.9,MIA
Jordan Whittington,WR,230,LAR
KaVontae Turpin,WR,230.1,DAL
Ben Sinnott,TE,230.2,WAS
Jalen Nailor,WR,230.5,MIN
Mike Williams,WR,230.5,LAC
Kyle Monangai,RB,230.9,CHI
Joe Flacco,QB,231.1,CLE
Zack Moss,RB,231.2,CIN
Kirk Cousins,QB,231.9,ATL
Dont'e Thornton,WR,232.1,LV
Devaughn Vele,WR,232.7,DEN
Will Dissly,TE,233.4,LAC
Brandin Cooks,WR,233.5,NO
Jimmy Garoppolo,QB,0,LAR
Joe Milton,QB,0,DAL
Joshua Dobbs,QB,0,NE
Derek Carr,QB,0,NO
Tanner McKee,QB,0,PHI
Tyrell Shavers,WR,0,BUF
Tyler Huntley,QB,0,MIA
Mason Rudolph,QB,0,PIT
Michael Carter,RB,0,ARI
Jameis Winston,QB,0,NYG
Tay Martin,WR,0,TEN
Tony Jones,RB,0,ARI
Drew Lock,QB,0,SEA
Marcus Mariota,QB,0,WAS
Deshaun Watson,QB,0,CLE
Aidan O'Connell,QB,0,LV
Tyrod Taylor,QB,0,NYJ
Tank Dell,WR,0,HOU
Will Levis,QB,0,TEN
Andy Dalton,QB,0,CAR
Alexander Mattison,RB,0,MIA
Kristian Wilkerson,WR,0,BUF
Gardner Minshew,QB,0,KC
Spencer Rattler,QB,0,NO
Mac Jones,QB,0,SF
Cooper Rush,QB,0,BAL
Ameer Abdullah,RB,0,LV
Malik Willis,QB,0,GB
Christian Watson,WR,0,GB
Bailey Zappe,QB,0,KC
Devin Culp,TE,0,TB
Sincere McCormick,RB,0,LV
Tommy DeVito,QB,0,NYG
Bub Means,WR,0,NO
Jacoby Brissett,QB,0,ARI
Foster Moreau,TE,0,NO
Devin Singletary,RB,0,NYG
Cody White,WR,0,SEA
Austin Hooper,TE,0,NE
Olamide Zaccheaus,WR,0,CHI
Malik Heath,WR,0,GB
Sterling Shepard,WR,0,TB
Mack Hollins,WR,0,NE
Antonio Gibson,RB,0,NE
Patrick Taylor,RB,0,SF
Gus Edwards,RB,0,LAC
Cam Akers,RB,0,MIN
Payne Durham,TE,0,TB
David Bell,WR,0,CLE
Jordan Akins,TE,0,CLE
David Moore,WR,0,CAR
Emanuel Wilson,RB,0,GB
Tommy Tremble,TE,0,CAR
Tim Patrick,WR,0,DET
Tyler Johnson,WR,0,NYJ
John Metchie,WR,0,HOU
Josh Oliver,TE,0,MIN
Kendrick Bourne,WR,0,NE
Gabe Davis,WR,0,JAX
Greg Dortch,WR,0,ARI
Chris Rodriguez,RB,0,WAS
AJ Barner,TE,0,SEA
Tyler Boyd,WR,0,TEN
Clyde Edwards-Helaire,RB,0,NO
Jacob Kibodi,RB,0,CLE
Kalif Raymond,WR,0,DET
Josh Reynolds,WR,0,NYJ
Luke Schoonmaker,TE,0,DAL
Tim Boyle,QB,0,TEN
Curtis Samuel,WR,0,BUF
JuJu Smith-Schuster,WR,0,KC
Lil'Jordan Humphrey,WR,0,NYG
Jamison Crowder,WR,0,WAS
Devontez Walker,WR,0,BAL
Cedrick Wilson,WR,0,NO
Erick All,TE,0,CIN
Ainias Smith,WR,0,PHI
Desmond Ridder,QB,0,LV
Colby Parkinson,TE,0,LAR
Stone Smartt,TE,0,NYJ
Josh Whyle,TE,0,TEN
Jeremy McNichols,RB,0,WAS
Tanner Hudson,TE,0,CIN
Samaje Perine,RB,0,CIN
Van Jefferson,WR,0,TEN
Emari Demercado,RB,0,ARI
Kyle Juszczyk,RB,0,SF
Ryan Miller,WR,0,TB
Dameon Pierce,RB,0,HOU
Dante Pettis,WR,0,NO
Austin Trammell,WR,0,JAX
Skylar Thompson,QB,0,PIT
DJ Turner,WR,0,LV
Dawson Knox,TE,0,BUF
E.J. Jenkins,TE,0,PHI
Chris Brooks,RB,0,GB
Ezekiel Elliott,RB,0,LAC
Parris Campbell,WR,0,DAL
Grant Calcaterra,TE,0,PHI
Jordan Mims,RB,0,NO
KhaDarel Hodge,WR,0,ATL
Nick Vannett,TE,0,TEN
Justin Watson,WR,0,HOU
Zamir White,RB,0,LV
Kimani Vidal,RB,0,LAC
Trey Sermon,RB,0,PIT
Kenneth Gainwell,RB,0,PIT
Charlie Kolar,TE,0,BAL
Harrison Bryant,TE,0,PHI
Nelson Agholor,WR,0,BAL
Kenny Pickett,QB,0,CLE
Lucas Krull,TE,0,DEN
Tyler Goodson,RB,0,IND
Dare Ogunbowale,RB,0,HOU
River Cracraft,WR,0,SEA
Kevin Austin,WR,0,NO
Adam Trautman,TE,0,DEN
Nate Adkins,TE,0,DEN
Michael Mayer,TE,0,LV
Simi Fehoko,WR,0,ARI
Drew Sample,TE,0,CIN
Blake Watson,RB,0,DEN
Elijah Higgins,WR,0,ARI
DJ Chark,WR,0,LAC
D'Onta Foreman,RB,0,CLE
Jahan Dotson,WR,0,PHI
Darnell Washington,TE,0,PIT
Shane Zylstra,TE,0,DET
Trey Lance,QB,0,LAC
Brock Wright,TE,0,DET
Tyler Badie,RB,0,DEN
Bryce Oliver,WR,0,TEN
Tylan Wallace,WR,0,BAL
Ronnie Rivers,RB,0,LAR
Johnny Mundt,TE,0,JAX
Kene Nwangwu,RB,0,NYJ
D'Ernest Johnson,RB,0,JAX
Hassan Haskins,RB,0,LAC
Pierre Strong,RB,0,CLE
Cordarrelle Patterson,RB,0,PIT
Trent Sherfield,WR,0,DEN
Mecole Hardman,WR,0,GB
Jalen Brooks,WR,0,DAL
Mo Alie-Cox,TE,0,IND
Jake Bobo,WR,0,SEA
Michael Woods,WR,0,CLE
Rakim Jarrett,WR,0,TB
K.J. Osborn,WR,0,WAS
Derius Davis,WR,0,LAC
Michael Burton,RB,0,DEN
Mason Tipton,WR,0,NO
Jamaal Williams,RB,0,NO
Dorian Thompson-Robinson,QB,0,PHI
Alec Ingold,RB,0,MIA
Khalil Herbert,RB,0,IND
Craig Reynolds,RB,0,DET
Anthony Miller,WR,0,BAL
Ryan Flournoy,WR,0,DAL
Robert Woods,WR,0,PIT
Peyton Hendershot,TE,0,KC
Jonathon Brooks,RB,0,CAR
Kenny McIntosh,RB,0,SEA
Luke McCaffrey,WR,0,WAS
Cade Stover,TE,0,HOU
Blake Whiteheart,TE,0,CLE
Eric Saubert,TE,0,SEA
Daniel Bellinger,TE,0,NYG
JaMycal Hasty,RB,0,NE
Davis Mills,QB,0,HOU
Scotty Miller,WR,0,PIT
Carson Wentz,QB,0,KC
Trey Palmer,WR,0,TB
Ja'Lynn Polk,WR,0,NE
Kylen Granson,TE,0,PHI
Tanner Conner,WR,0,MIA
Jonathan Mingo,WR,0,DAL
MyCole Pruitt,TE,0,PIT
C.J. Ham,RB,0,MIN
Kenny Yeboah,TE,0,DET
Brevyn Spann-Ford,TE,0,DAL
Dan Chisena,WR,0,CAR
Xavier Hutchinson,WR,0,HOU
Hayden Hurst,TE,0,LAC
Tyquan Thornton,WR,0,KC
Drew Ogletree,TE,0,IND
J.J. Taylor,RB,0,HOU
Brandon Allen,QB,0,TEN
Jalen Reagor,WR,0,LAC
Jermar Jefferson,RB,0,DET
Britain Covey,WR,0,LAR
Hunter Luepke,RB,0,DAL
Zay Jones,WR,0,ARI
Ben Sims,TE,0,GB
Jeremy Ruckert,TE,0,NYJ
Alex Bachman,WR,0,LV
Ty Chandler,RB,0,MIN
Dalvin Cook,RB,0,DAL
Carson Steele,RB,0,KC
Ben Skowronek,WR,0,PIT
Deuce Vaughn,RB,0,DAL
Cam Grandy,TE,0,CIN
Chris Conley,WR,0,SF
Patrick Ricard,RB,0,BAL
Mitchell Trubisky,QB,0,BUF
Brandon Johnson,WR,0,PIT
Kendric Pryor,WR,0,CIN
Jermaine Burton,WR,0,CIN
Quintin Morris,TE,0,JAX
Julian Hill,TE,0,MIA
Odell Beckham,WR,0,MIA
Bo Melton,WR,0,GB
Chris Manhertz,TE,0,NYG
Luke Farrell,TE,0,SF
Jared Wiley,TE,0,KC
John Samuel Shenker,TE,0,LV
Dallin Holker,TE,0,NO
Jake Haener,QB,0,NO
Terrell Jennings,RB,0,NE
Luke Musgrave,TE,0,GB
Sione Vaki,RB,0,DET
DeeJay Dallas,RB,0,ARI
Travis Homer,RB,0,CHI
Isaiah Hodgins,WR,0,SF
John Ross,WR,0,PHI
Connor Heyward,TE,0,PIT
Jase McClellan,RB,0,ATL
Tucker Fisk,TE,0,LAC
Pharaoh Brown,TE,0,MIA
Greg Dulcich,TE,0,NYG
Grant DuBose,WR,0,MIA
Jeff Wilson,RB,0,MIA
Robbie Chosen,WR,0,MIA
Treylon Burks,WR,0,TEN
Dee Eskridge,WR,0,MIA
Ashton Dulin,WR,0,IND
Devin Duvernay,WR,0,CHI
John Bates,TE,0,WAS
Charlie Woerner,TE,0,ATL
Terrace Marshall,WR,0,PHI
Davis Allen,TE,0,LAR
Chris Blair,WR,0,ATL
Johnny Wilson,WR,0,PHI
Brevin Jordan,TE,0,HOU
Deven Thompkins,WR,0,CAR
Jaheim Bell,TE,0,NE
Hunter Long,TE,0,JAX
Jalin Hyatt,WR,0,NYG
Eric Gray,RB,0,NYG
Ian Thomas,TE,0,LV
Julius Chestnut,RB,0,TEN
Tip Reiman,TE,0,ARI
John FitzPatrick,TE,0,GB
Casey Washington,WR,0,ATL
Irv Smith,TE,0,HOU
Mike Boone,RB,0,CAR
Gerald Everett,TE,0,CHI
Mike White,QB,0,BUF
Jonathan Ward,RB,0,PIT
Tyreik McAllister,RB,0,LV
DeAndre Carter,WR,0,CLE
Laviska Shenault,WR,0,BUF
Trent Taylor,WR,0,SF
Ronnie Bell,WR,0,DET
Malachi Corley,WR,0,NYJ
Durham Smythe,TE,0,CHI
Tim Jones,WR,0,MIN
Jack Stoll,TE,0,NO
Allen Robinson,WR,0,DET
Will Mallory,TE,0,IND
George Holani,RB,0,SEA
Cody Schrader,RB,0,LAR
Hendon Hooker,QB,0,DET
Jamari Thrash,WR,0,CLE
Geoff Swaim,TE,0,CLE
Nikko Remigio,WR,0,KC
Xavier Gipson,WR,0,NYJ
Ramel Keyton,WR,0,LV
Brandon Powell,WR,0,MIN
Brycen Tremayne,WR,0,CAR
Collin Johnson,WR,0,LV
Charlie Jones,WR,0,CIN
Taylor Heinicke,QB,0,LAC
Kyle Allen,QB,0,DET
Zach Davidson,TE,0,BUF
Trenton Irwin,WR,0,CAR
Josiah Deguara,TE,0,ARI
Jacob Cowing,WR,0,SF
Tyrion Davis-Price,RB,0,PHI
Rasheen Ali,RB,0,BAL
Mason Kinsey,WR,0,TEN
Eric Tomlinson,TE,0,LAC
Aaron Shampklin,RB,0,PIT
David Martin-Robinson,TE,0,TEN
Myles Gaskin,RB,0,JAX
Chris Oladokun,QB,0,KC
Raheem Blackshear,RB,0,CAR
Ross Dwelley,TE,0,SF
Jody Fortson,TE,0,KC
Velus Jones,WR,0,NO
Xavier Smith,WR,0,LAR
Anthony Gould,WR,0,IND
Ke'Shawn Vaughn,RB,0,SF
Ihmir Smith-Marsette,WR,0,NYG
Tyler Scott,WR,0,CHI
Javon Baker,WR,0,NE
Feleipe Franks,QB,0,ATL
James Proche,WR,0,TEN
Isaiah Williams,WR,0,CIN
Nick Mullens,QB,0,JAX
Darrynton Evans,RB,0,BUF
Chris Collier,RB,0,LV
Kameron Johnson,WR,0,TB
Jarrett Stidham,QB,0,DEN
Marcus Jones,WR,0,NE
Joshua Kelley,RB,0,TEN
Marcedes Lewis,TE,0,CHI
British Brooks,RB,0,HOU
Josh Johnson,QB,0,WAS
Reggie Gilliam,TE,0,BUF
Jaelon Darden,WR,0,SEA
Teddy Bridgewater,QB,0,DET
Josh Johnson,RB,0,SEA
Rodney Williams,TE,0,PIT
Byron Cardwell,RB,0,FA
Lachlan Pitts,TE,0,CHI
Kody Case,WR,0,IND
Ronald Awatt,RB,0,SF
Tom Kennedy,WR,0,DET
Devine Ozigbo,RB,0,DET
Bryan Edwards,WR,0,NO
Lynn Bowden,WR,0,NO
Devin Asiasi,TE,0,TEN
A.J. Dillon,RB,0,PHI
Trayveon Williams,RB,0,NE
Phil Jurkovec,QB,0,FA
Ryan Nall,RB,0,DAL
Kazmeir Allen,WR,0,WAS
Freddie Swain,WR,0,CHI
Chris Smith,RB,0,SEA
Eno Benjamin,RB,0,NO
Gavin Holmes,WR,0,TEN
Darrius Shepherd,WR,0,LAC
David Sills,WR,0,ATL
John Hightower,WR,0,LAC
Stephen Anderson,TE,0,LAC
Quez Watkins,WR,0,ARI
Kaylon Geiger,WR,0,TB
Chris Lacy,WR,0,LV
Quintez Cephus,WR,0,LAR
Rodney Adams,WR,0,NYJ
Jason Huntley,RB,0,IND
Clayton Thorson,QB,0,NYG
Jordan Franks,TE,0,KC
Tyron Billy-Johnson,WR,0,DAL
Nate Stanley,QB,0,MIN
Charles McClelland,RB,0,TEN
Ben DiNucci,QB,0,NO
Seth Green,TE,0,DAL
Jeff Smith,WR,0,ARI
Vyncint Smith,WR,0,IND
Sean Ryan,WR,0,BAL
Jake Fromm,QB,0,DET
Jalen Cropper,WR,0,DAL
Austin Walter,RB,0,LV
Frank Gore Jr,RB,0,FA
Malcolm Perry,RB,0,NE
Jabari Small,RB,0,TEN
Tyrie Cleveland,WR,0,IND
Noah  Cain,RB,0,FA
Albert Okwuegbunam,TE,0,IND
Raleigh Webb,WR,0,TB
Joe Reed,WR,0,CHI
Kekoa Crawford,WR,0,KC
John Wolford,QB,0,JAX
Willie Johnson,WR,0,JAX
Tyler Davis,TE,0,GB
Rico Gafford,WR,0,GB
Joshua Perkins,TE,0,NYJ
Jake Luton,QB,0,LV
Jerick McKinnon,RB,0,KC
Jacob Eason,QB,0,GB
Chris Autman-Bell,WR,0,FA
Dezmon Patmon,WR,0,CAR
Dwayne Washington,RB,0,DEN
Isaiah Coulter,WR,0,BUF
Cameron Latu,TE,0,PHI
Devin Ross,WR,0,LV
Sean Clifford,QB,0,GB
Stephen Sullivan,WR,0,CAR
Max Duggan,QB,0,LAC
Kendall Hinton,WR,0,DEN
SaRodorick Thompson,RB,0,LAR
Scotty Washington,WR,0,BAL
Mitchell Wilcox,TE,0,NE
Jalen Sample,WR,0,WAS
Patrick Carr,RB,0,SEA
ZaQuandre White,RB,0,MIA
Tyler Mabry,TE,0,SEA
Andrew Parchment,WR,0,CAR
Salvon Ahmed,RB,0,IND
Josh Vann,WR,0,CAR
Chase Harrell,TE,0,SF
Juwann Winfree,WR,0,IND
Cameron McCutcheon,WR,0,LAR
Trishton Jackson,WR,0,ARI
Bryan Thompson,WR,0,BUF
Xavier Jones,RB,0,LAR
Garett Maag,WR,0,MIN
J.J. Koski,WR,0,DEN
Greg Ward,WR,0,IND
Bryce Perkins,QB,0,LAR
Diontae Spencer,WR,0,NYJ
Tyree Jackson,QB,0,WAS
Noah Togiai,TE,0,PHI
Darius Anderson,RB,0,HOU
Keith Kirkwood,WR,0,BAL
Braydon Bennett,RB,0,FA
Jake Bargas,RB,0,NO
Dante Miller,RB,0,NYG
Cody Thompson,WR,0,TB
E.J. Perry,QB,0,JAX
Quartney Davis,WR,0,IND
Dylan Parham,TE,0,DEN
Nakia Griffin-Stewart,TE,0,IND
Codey McElroy,TE,0,TB
Juwan Green,WR,0,KC
Justin Rigg,TE,0,TEN
Jared Pinkney,TE,0,CHI
Cole Fotheringham,TE,0,DEN
Giovanni Ricci,TE,0,NE
Naz Bohannon,TE,0,JAX
Rodney Smith,RB,0,DET
Maurice Alexander,WR,0,CHI
Marquez Callaway,WR,0,TB
John Hurst,WR,0,IND
Nick Williams,WR,0,DEN
Travis Jonsen,WR,0,TB
Marvin Hall,WR,0,JAX
Reid Sinnett,QB,0,CIN
Zach Evans,RB,0,NYJ
Case Cookus,QB,0,LAR
Kyle Markway,TE,0,LAR
Chad Beebe,WR,0,HOU
Mohamed Ibrahim,RB,0,MIN
Tommy Hudson,TE,0,NO
EJ Smith,RB,0,FA
Marken Michel,WR,0,WAS
Jalen Berger,RB,0,FA
Marvin Jones,WR,0,DET
Darrel Williams,RB,0,NO
Demarkcus Bowman,RB,0,FA
Byron Pringle,WR,0,WAS
Mike Glennon,QB,0,MIA
Nick Bellore,RB,0,SEA
Jermaine Kearse,WR,0,Det
Kirk Merritt,WR,0,NO
Jimmy Graham,TE,0,NO
Rashod Berry,TE,0,NE
Brian Hoyer,QB,0,LV
Andre Baccellia,WR,0,ARI
Jared Wayne,WR,0,HOU
Jeff Cotton,WR,0,GB
Cephus Johnson,WR,0,TB
Jared Rice,TE,0,LAC
Tyler Hoosman,RB,0,LAC
Nick Bowers,TE,0,MIA
Tyler Hudson,WR,0,LAR
Kevin Rader,TE,0,NO
Leonard Taylor,TE,0,JAX
Nathan Cottrell,RB,0,JAX
Blake Bell,TE,0,KC
Ben Ellefson,TE,0,MIN
Henry Pearson,RB,0,GB
Josh Hammond,WR,0,DEN
Matt Landers,WR,0,NE
Michael Thomas,WR,0,NO
Jamal Agnew,WR,0,ATL
BJ Baylor,RB,0,ATL
Dalton Keene,TE,0,HOU
Ryan Jones,TE,0,NYG
Cody Chrest,WR,0,IND
Isaiah Zuber,WR,0,LV
Ty Scott,WR,0,SEA
Lawrence Cager,WR,0,WAS
Kaden Smith,TE,0,WAS
La'Mical Perine,RB,0,PIT
Travis Vokolek,TE,0,ARI
Ty'Son Williams,RB,0,ARI
Tanner Taula,TE,0,TB
Eli Wolf,TE,0,WAS
T.J. Logan,RB,0,TB
Ja'Marcus Bradley,WR,0,PIT
Jesse Matthews,WR,0,ATL
Donovan Peoples-Jones,WR,0,NO
David Durden,WR,0,DAL
James Robinson,RB,0,NO
Jerome Kapp,WR,0,NYJ
Sean McKeon,TE,0,IND
Milton Wright,WR,0,LAC
Sewo Olonilua,RB,0,DAL
Niles Paul,TE,0,SF
Binjimen Victor,WR,0,BAL
Marcus Johnson,WR,0,NYG
Dontrell Hilliard,RB,0,FA
Dwayne Harris,WR,0,Chi
Andrew Vollert,TE,0,IND
Alex Ellis,TE,0,ARI
John Franklin,WR,0,TB
Tommy Sweeney,TE,0,CHI
Dominique Dafney,TE,0,CAR
Phillip Dorsett,WR,0,ATL
Jason Cabinda,RB,0,DET
Micah Bernard,RB,0,FA
Duke Williams,WR,0,BUF
Camar Wheaton,RB,0,FA
Chris Moore,WR,0,WAS
Ryan Griffin,TE,0,FA
Austin Proehl,WR,0,NYG
Trey Sanders,RB,0,FA
John Lovett,TE,0,MIA
Donald Parham,TE,0,PIT
Hunter Thedford,TE,0,NE
Evan Baylis,TE,0,KC
Chase Edmonds,RB,0,TB
Calvin Jackson,WR,0,MIA
Rashaad Penny,RB,0,CAR
Dre Miller,TE,0,GB
Alex McGough,QB,0,GB
Kaden Davis,WR,0,CLE
Equanimeous St. Brown,WR,0,NO
Kalil Pimpleton,WR,0,NYG
J'Mon Moore,WR,0,ATL
Gunner Olszewski,WR,0,NYG
D.J. Montgomery,WR,0,IND
Mike Harley,WR,0,MIA
Jaret Patterson,RB,0,LAC
Elijah Holyfield,RB,0,CIN
Reggie Bonnafon,RB,0,WAS
Braylon Sanders,WR,0,NE
Kylin Hill,RB,0,GB
Jared Scott,TE,0,IND
Keric Wheatfall,WR,0,PHI
Chris Herndon,TE,0,NO
Nsimba Webster,WR,0,CHI
Trenton Cannon,RB,0,FA
John Lovett,RB,0,PIT
Chris Evans,RB,0,CIN
Daylen Baldwin,WR,0,ARI
Logan Woodside,QB,0,CIN
Jacques Patrick,RB,0,NYJ
Auden Tate,WR,0,ARI
Jordan Thomas,TE,0,ATL
Keke Coutee,WR,0,MIA
Matt Ryan,QB,0,FA
Rondale Moore,WR,0,MIN
Julio Jones,WR,0,PHI
Stephen Carlson,TE,0,CHI
Tevin Coleman,RB,0,SF
John Kelly,RB,0,CLE
DJ Uiagalelei,QB,0,FA
Seth Williams,WR,0,DAL
Devin Leary,QB,0,BAL
David Blough,QB,0,DET
Gary Jennings,WR,0,CAR
Jakob Johnson,RB,0,HOU
DeWayne McBride,RB,0,MIN
Mike DiLiello,QB,0,TEN
Miyan Williams,RB,0,FA
Zach Gentry,TE,0,LV
Kobe Lewis,RB,0,SEA
John Ursua,WR,0,SEA
Talik Keaton,WR,0,PHI
Ty Montgomery,RB,0,NE
KJ Hamler,WR,0,BUF
Corey Rucker,WR,0,FA
Sam Pinckney,WR,0,CAR
Tayvion Robinson,WR,0,FA
Zack Annexstad,QB,0,TB
Theo Riddick,RB,0,LV
Alec Holler,TE,0,DAL
Kenny Golladay,WR,0,FA
Mason Schreck,TE,0,HOU
Trace McSorley,QB,0,WAS
N'Keal Harry,WR,0,SEA
Travis Fulgham,WR,0,GB
Ishmael Hyman,WR,0,GB
Adam Shaheen,TE,0,FA
Brady Russell,TE,0,SEA
Daniel Brown,TE,0,NYJ
Jalen Hurd,WR,0,NE
J.D. McKissic,RB,0,FA
Adrian Martinez,QB,0,NYJ
Zach Wilson,QB,0,MIA
DaeSean Hamilton,WR,0,MIA
Troy Fumagalli,TE,0,MIN
Justin Shorter,WR,0,LV
Penny Hart,WR,0,ATL
Zack Kuntz,TE,0,NYJ
Royce Freeman,RB,0,LAR
Matt Breida,RB,0,SF
Marcell Ateman,WR,0,BUF
Jason Moore,WR,0,DET
Antoine Wesley,WR,0,LV
Darius Clark,RB,0,CAR
Shaquan Davis,WR,0,PIT
Elijah Dotson,RB,0,ATL
Mathew Sexton,WR,0,MIA
Pokey Wilson,WR,0,NYJ
Sammis Reyes,TE,0,MIN
Jordan Byrd,WR,0,PIT
KeeSean Johnson,WR,0,BUF
Christian Sims,TE,0,LAR
Gerrid Doaks,RB,0,HOU
Oliver Martin,WR,0,JAX
Keelan Doss,WR,0,LV
Jack Colletto,RB,0,PIT
Tre Nixon,WR,0,NE
Dresser Winn,QB,0,LAR
Antonio Callaway,WR,0,DAL
C.J. Beathard,QB,0,JAX
Shaun Beyer,TE,0,GB
Slade Bolden,WR,0,ATL
Cornell Powell,WR,0,SEA
Camren McDonald,TE,0,LAR
Jordan Wilkins,RB,0,CLE
Drew Estrada,WR,0,HOU
Shane Buechele,QB,0,BUF
Holton Ahlers,QB,0,SEA
Larry Rountree,RB,0,HOU
Tre' McKitty,TE,0,CLE
Armani Rogers,TE,0,BUF
Nyheim Hines,RB,0,CLE
Kyric McGowan,WR,0,MIA
Eli Stove,WR,0,LAC
Patrick Murtagh,TE,0,JAX
Hunter Kampmoyer,TE,0,DEN
Davis Cheek,QB,0,CAR
Daurice Fountain,WR,0,DET
Sean Mannion,QB,0,SEA
Matt Bushman,TE,0,KC
Zavier Scott,WR,0,MIN
Trey Ragas,RB,0,LAR
Titus Swen,RB,0,IND
Dillon Stoner,WR,0,LV
Deneric Prince,RB,0,MIA
Ben Mason,RB,0,LAC
Levi Bell,RB,0,SEA
Chris Coleman,WR,0,MIA
Deon Cain,WR,0,BUF
Jalen Wayne,WR,0,GB
Sam Ehlinger,QB,0,DEN
Johnny Lumpkin,TE,0,GB
Tarik Black,WR,0,MIA
Owen Wright,RB,0,BAL
Braxton Burmeister,WR,0,LAR
Michael Strachan,WR,0,WAS
Kade Warner,WR,0,TB
Shawn Poindexter,WR,0,SF
Dylan Drummond,WR,0,ATL
Jalen Camp,WR,0,CLE
Taylor Grimes,WR,0,DEN
Tory Carter,RB,0,TEN
Racey McMath,WR,0,DAL
Zach Ojile,RB,0,MIN
Miller Forristall,TE,0,LAR
Brian Cobbs,WR,0,ARI
Dez Fitzpatrick,WR,0,LAC
Blaine Gabbert,QB,0,KC
Nick Eubanks,TE,0,IND
Jadakis Bonds,WR,0,GB
Osirus Mitchell,WR,0,GB
Izaiah Gathings,TE,0,KC
Darrell Henderson,RB,0,LAR
Brandon Smith,WR,0,NYJ
Toriano Clinton,RB,0,IND
Gary Brightwell,RB,0,CIN
Aaron Dykes,RB,0,MIN
Andy Isabella,WR,0,PIT
Colt McCoy,QB,0,ARI
Brett Rypien,QB,0,MIN
Wendell Smallwood,RB,0,WAS
Dax Milne,WR,0,CAR
Corey Clement,RB,0,ARI
Bruno Labelle,TE,0,ARI
Stanley Morgan,WR,0,TEN
Kelvin Harmon,WR,0,DAL
Malik Turner,WR,0,SF
Jake Funk,RB,0,JAX
Allen Hurns,WR,0,MIA
Jacob Harris,WR,0,PHI
Keelan Cole,WR,0,LV
Josh Pederson,TE,0,JAX
Donte Moncrief,WR,0,HOU
Austin Watkins,WR,0,PHI
Connor Wedington,WR,0,SEA
Bug Howard,TE,0,TB
Andrew Beck,TE,0,NYJ
Qadree Ollison,RB,0,PIT
Cade Johnson,WR,0,SEA
Dylan Mcduffie,RB,0,FA
CJ Marable,RB,0,NE
Darrell Daniels,TE,0,DET
Josh Williams,RB,0,FA
Michael Gallup,WR,0,WAS
Armoni Goodwin,RB,0,FA
Kellen Mond,QB,0,NO
Montrell Johnson,RB,0,FA
Blake Proehl,WR,0,MIN
Hakeem Butler,TE,0,CIN
J.J. Arcega-Whiteside,WR,0,ATL
Noah Whittington,RB,0,FA
NayQuan Wright,RB,0,FA
John Raine,TE,0,ATL
William Fuller,WR,0,MIA
Frank Darby,WR,0,SF
Louis Rees-Zammit,RB,0,JAX
Caleb Huntley,RB,0,ATL
Tyler Ervin,RB,0,GB
Hunter Bryant,TE,0,DET
Michael Pratt,QB,0,TB
Cam Sims,WR,0,CAR
Spencer Brown,RB,0,ATL
Denzel Mims,WR,0,JAX
Trey Quinn,WR,0,DET
Garrett Griffin,TE,0,DET
Stevie Scott,RB,0,ARI
Shemar Bridges,WR,0,BAL
Ian Book,QB,0,PHI
Lance McCutcheon,WR,0,PIT
Dylan Soehner,TE,0,NO
Taj McGowan,RB,0,Jax
Kawaan Baker,WR,0,NE
Jalen Virgil,WR,0,BUF
Anthony Turner,WR,0,GB
Khari Blasingame,RB,0,PHI
Ty Fryfogle,WR,0,KC
Greg Bell,RB,0,PIT
Malik Davis,RB,0,DAL
Derrick Deese,TE,0,DET
Jaeden Graham,TE,0,PHI
Josh Bist,TE,0,CAR
Brycen Hopkins,TE,0,LAR
Dennis Houston,WR,0,TB
Adam Prentice,RB,0,NO
Dan Arnold,TE,0,PHI
Landon Rice,TE,0,DEN
Jack Coan,QB,0,IND
Tre Harbison,RB,0,CLE
Ethan Fernea,WR,0,IND
Bernhard Seikovits,TE,0,ARI
Zaire Mitchell-Paden,TE,0,BAL
Nick Guggemos,TE,0,BUF
Kwamie Lassiter,WR,0,CIN
Easop Winston,WR,0,NYJ
Bryce Love,RB,0,Was
Jashaun Corbin,RB,0,NYG
Thomas Ives,WR,0,CHI
Irvin Charles,WR,0,NYJ
Donte Sylencieux,WR,0,BAL
Kevin Kassis,WR,0,SEA
JJ Howland,TE,0,TB
Nate McCrary,RB,0,GB
Jarrett Guarantano,QB,0,DEN
David Moore,WR,0,CAR
Kameron Brown,WR,0,TB
C.J. Saunders,WR,0,ATL
Ryan McDaniel,WR,0,JAX
Travis Toivonen,WR,0,MIN
Avery Williams,RB,0,PHI
Michael Bandy,WR,0,DEN
Josh Johnson,WR,0,DET
Mekhi Sargent,RB,0,JAX
Kendall Blanton,TE,0,KC
Deshaun Fenwick,RB,0,GB
Thomas Odukoya,TE,0,TEN
Sal Cannella,TE,0,TB
Troy Hairston,RB,0,CLE
Michael Jacobson,TE,0,NO
Godwin Igwebuike,RB,0,PIT
Clint Ratkovich,RB,0,ATL
Alex Taylor,TE,0,CHI
Nathan Rourke,QB,0,ATL
Luke McCown,QB,0,WAS
Garrett Gilbert,QB,0,NE
Nikola Kalinic,TE,0,ATL
Damiere Byrd,WR,0,BUF
Richie James,WR,0,KC
Alex Armah,RB,0,WAS
Matt Corral,QB,0,MIN
Levine Toilolo,TE,0,NYG
Jace Sternberger,TE,0,BUF
Andre Roberts,WR,0,FA
Nick Bawden,RB,0,HOU
Michael Walker,WR,0,PHI
Emanuel Hall,WR,0,Was
Brian Hill,RB,0,SF
Russell Gage,WR,0,SF
Tyler Van Dyke,QB,0,FA
Anthony Brown,QB,0,BUF
Laquon Treadwell,WR,0,IND
Ronald Jones,RB,0,DAL
Kyle Rudolph,TE,0,FA
Aqeel Glass,QB,0,FA
Jahleel Billingsley,TE,0,FA
Chris Oladuokun,QB,0,FA
Latavius Murray,RB,0,BUF
J.T Daniels,QB,0,FA
Malik Cunningham,QB,0,BAL
Tanner Morgan,QB,0,PIT
Case Keenum,QB,0,CHI
Donnie Ernsberger,TE,0,Jax
Chase Garbers,QB,0,LV
Jesper Horsted,TE,0,CAR
Dustin Crum,QB,0,KC
Benny Snell,RB,0,DET
Layne Hatcher,QB,0,FA
Keytaon Thompson,WR,0,FA
Levi Lewis,QB,0,SEA
Richard Rodgers,TE,0,LAC
Austin Allen,QB,0,GB
Grayson McCall,QB,0,FA
Sony Michel,RB,0,LAR
Gee Scott Jr,TE,0,FA
Isaiah Spiller,RB,0,LV
Tiyon Evans,RB,0,CAR
Danny Etling,QB,0,GB
Cullen Gillaspia,RB,0,SEA
Braxton Berrios,WR,0,HOU
Frank Ladson,WR,0,FA
James Washington,WR,0,ATL
Austin Stogner,TE,0,FA
Justin Jackson,RB,0,FA
Julian Fleming,WR,0,FA
Dylan Cantrell,TE,0,WAS
Sam Hartman,QB,0,WAS
Jaden Walley,WR,0,FA
Randall Cobb,WR,0,NYJ
Zonovan Knight,RB,0,NYJ
Robert Tonyan,TE,0,KC
Lawrence Thomas,RB,0,NYJ
Master Teague,RB,0,PIT
A.T. Perry,WR,0,DEN
Damien Williams,RB,0,ARI
Kevin White,WR,0,NO
Troymaine Pope,RB,0,TB
Israel Abanikanda,RB,0,SF
Kennedy Brooks,RB,0,PHI
Stetson Bennett,QB,0,LAR
Cam'Ron Harris,RB,0,FA
Spencer Schnell,WR,0,TB
Evan Hull,RB,0,PIT
Patrick Scales,TE,0,Chi
Tarik Cohen,RB,0,NYJ
Matteo Durant,RB,0,FA
Brayden Willis,TE,0,SF
Ian Bunting,TE,0,DAL
Hunter Renfrow,WR,0,CAR
Isaac Nauta,TE,0,GB
Jashuan Corbin,RB,0,FA
Robert Burns,RB,0,ATL
D'Vonte Price,RB,0,IND
Antoine Green,WR,0,DET
Abram Smith,RB,0,MIN
Easton Stick,QB,0,ATL
Bryant Koback,RB,0,SEA
Lew Nichols,RB,0,PHI
Will Grier,QB,0,DAL
Jaren Hall,QB,0,SEA
Alex Collins,RB,0,SEA
Travis Dye,RB,0,NYJ
Damarea Crockett,RB,0,NYJ
Jeremiah Hall,RB,0,NYG
Carlos Hyde,RB,0,JAX
Devin Wynn,RB,0,FA
Jerrion Ealy,RB,0,KC
Marquise Goodwin,WR,0,CLE
Jalen Guyton,WR,0,LV
Matt Sokol,TE,0,PIT
Zander Horvath,RB,0,MIA
Colton Dowell,WR,0,TEN
Ricky Person Jr,RB,0,FA
Victor Bolden,WR,0,HOU
B.J Baylor,RB,0,FA
Alize Mack,TE,0,TEN
Snoop Conner,RB,0,DAL
Thayer Thomas,WR,0,MIN
Malik Knowles,WR,0,GB
Darwin Thompson,RB,0,LV
Sy Barnett,WR,0,NO
Joel Wilson,TE,0,CHI
Terrell Bynum,WR,0,LV
Michael Ezeike,TE,0,SEA
Kearis Jackson,WR,0,HOU
Monte Pottebaum,RB,0,PIT
Sam James,WR,0,LAR
Jaray Jenkins,WR,0,PIT
Elijah Cooks,WR,0,PHI
Dai'Jean Dixon,WR,0,NO
Shae Wyatt,WR,0,SF
Dontario Drummond,WR,0,DAL
Khalan Laborn,RB,0,SF
Reggie Roberson Jr,WR,0,FA
Daniel Helm,TE,0,DET
Jacob Copeland,WR,0,PIT
Joel Honigford,TE,0,ARI
Isaiah Weston,WR,0,CLE
Daniel Arias,WR,0,ARI
Charleston Rambo,WR,0,PHI
Ricky Person,RB,0,SEA
Tre Ford,QB,0,BAL
Justyn Ross,WR,0,KC
Duece Watts,WR,0,PIT
Matt Barkley,QB,0,JAX
Frank Ladson Jr,WR,0,FA
Keilahn Harris,WR,0,PIT
Jadon Haselwood,WR,0,PHI
Johnny Johnson,WR,0,HOU
Joseph Ngata,WR,0,PHI
John Hall,WR,0,SEA
Keylon Stokes,WR,0,FA
Griffin Hebert,TE,0,PHI
Braydon Johnson,WR,0,BUF
Cameron Brate,TE,0,FA
Garrett Walston,TE,0,SF
Jaquari Roberson,WR,0,FA
Calvin Tyler,RB,0,CIN
Josh Ali,WR,0,ATL
Curtis Hodges,TE,0,CAR
Emeka Emezie,WR,0,ATL
Jequez Ezzard,WR,0,WAS
Tre Turner,WR,0,LV
Thyrick Pitts,WR,0,GB
Derek Wright,WR,0,CAR
Jaivon Heiligh,WR,0,CIN
Hassan Hall,RB,0,ARI
Dontay Demus Jr,WR,0,FA
Shedrick Jackson,WR,0,LV
Dareke Young,WR,0,SEA
Bryce Ford-Wheaton,WR,0,NYG
Michael Young,WR,0,HOU
T.J. Luther,WR,0,CAR
Danny Gray,WR,0,PHI
Johnny King,WR,0,PHI
Jason Brownlee,WR,0,KC
Darius Hagans,RB,0,PIT
Deuce Watts,WR,0,FA
Braxton Westfield,WR,0,IND
Trinity Benson,WR,0,CLE
Chase Cota,WR,0,KC
Jalen Wydermyer,TE,0,IND
Camerun Peoples,RB,0,CAR
Jalin Moore,RB,0,NYJ
Damien Harris,RB,0,BUF
Thomas Greaney,TE,0,CLE
Tyler Adams,WR,0,IND
Miles Boykin,WR,0,CHI
Derek Parish,RB,0,JAX
Daewood Davis,WR,0,CAR
Pharoh Cooper,WR,0,ARI
Malcolm Brown,RB,0,LAR
Kemore Gamble,TE,0,FA
James Blackman,QB,0,MIA
Cole Turner,TE,0,WAS
Chad Williams,WR,0,KC
Nick Muse,TE,0,PHI
Dontay Demus,WR,0,BAL
Daniel Barker,TE,0,FA
Brian Walker,TE,0,BAL
Noah Gindorff,TE,0,PIT
Nolan Henderson,QB,0,BAL
James Mitchell,TE,0,CAR
Ronnie Brown,RB,0,TB
Taye Barber,WR,0,TB
Brant Kuithe,TE,0,FA
Ricky Seals-Jones,TE,0,IND
Skyy Moore,WR,0,KC
Isaiah Bowser,RB,0,BUF
Ellis Merriweather,RB,0,GB
Devon Allen,WR,0,PHI
David Johnson,RB,0,FA
Deonte Harty,WR,0,BAL
Trevon Wesco,TE,0,LV
Chris Streveler,QB,0,NYJ
Tre'Shaun Harrison,WR,0,TEN
Xazavian Valladay,RB,0,NO
Brandon Dillon,TE,0,WAS
Alfonzo Graham,RB,0,PIT
Jelani Woods,TE,0,IND
Austin Aune,QB,0,ATL
Keaontay Ingram,RB,0,KC
Jordan Murray,TE,0,CHI
DeSean Jackson,WR,0,BAL
Jose Barbon,WR,0,DAL
Nick O'Leary,TE,0,LV
Princeton Fant,TE,0,DAL
Samori Toure,WR,0,CHI
John Stephens,WR,0,DAL
Jordan Ta'amu,QB,0,MIN
Nate Sudfeld,QB,0,DET
Ko Kieft,TE,0,TB
Lucky Jackson,WR,0,MIN
Adam Humphries,WR,0,HOU
Cody Chrest,WR,0,GB
O.J. Howard,TE,0,LV
Malachi Carter,WR,0,CIN
Erik Ezukanma,WR,0,MIA
Ed Lee,WR,0,NE
Kevin Harris,RB,0,NE
Montrell Washington,WR,0,NYG
Wayne Taulapapa,RB,0,SEA
Brittain Brown,RB,0,SEA
Ryan Griffin,QB,0,TB
Avery Davis,WR,0,DET
Kyle Philips,WR,0,LV
Jeremy Sprinkle,TE,0,DAL
Zach Pascal,WR,0,NYG
Teagan Quitoriano,TE,0,ATL
Parker Hesse,TE,0,DET
Shi Smith,WR,0,KC
Kyle Sheets,WR,0,KC
Jordan Matthews,WR,0,CAR
Davion Davis,WR,0,WAS
Nick Foles,QB,0,FA
Ty James,WR,0,MIN
Colin Thompson,TE,0,MIN
Devron Harper,WR,0,MIN
Preston Williams,WR,0,CAR
Cole Beasley,WR,0,NYG
Corey Davis,WR,0,NYJ
Ahmarean Brown,WR,0,BUF
Anthony McFarland,RB,0,MIA
Keith Smith,RB,0,ATL
JaQuae Jackson,WR,0,NE
Tajae Sharpe,WR,0,SF
Jack Westover,TE,0,NE
Chris Myarick,TE,0,HOU
Hayden Hatten,WR,0,SEA
TaMerik Williams,RB,0,SEA
McCallan Castles,TE,0,LAC
Leonard Fournette,RB,0,BUF
OJ Hiliare,WR,0,ATL
Patrick Laird,RB,0,TB
TD Ayo-Durojaiye,RB,0,KC
Brenden Rice,WR,0,LAC
Jaden Shirden,RB,0,CAR
P.J. Walker,QB,0,SEA
C.J. Uzomah,TE,0,PHI
Marlon Mack,RB,0,ARI
Devin Carter,WR,0,CAR
Jawhar Jordan,RB,0,HOU
Deon Jackson,RB,0,NYJ
Emani Bailey,RB,0,CAR
J.P. Holtz,TE,0,NO
Dillon Johnson,RB,0,CAR
Luke Benson,TE,0,LAC
Kendall Milton,RB,0,CIN
Zach Heins,TE,0,LAC
Michael Wiley,RB,0,WAS
Jaelen Gill,WR,0,CLE
Daijun Edwards,RB,0,PIT
Jaylen Johnson,WR,0,LAC
Austin Jones,RB,0,FA
Carter Bradley,QB,0,LV
Nakia Watson,RB,0,FA
Tulu Griffin,WR,0,GB
Kobe Pace,RB,0,FA
Malik Taylor,WR,0,DET
Derrick Gore,RB,0,WAS
Chris Thompson,WR,0,SF
Rashard Higgins,WR,0,FA
Jalen  White,RB,0,FA
Tanner Mordecai,QB,0,SF
LJ  Johnson Jr,RB,0,FA
Xavier Weaver,WR,0,ARI
Lovasea Carroll,RB,0,FA
Josh Gordon,WR,0,TEN
Justin Hardee,WR,0,Hou
Alton McCaskill IV,RB,0,FA
Jontre Kirklin,WR,0,SF
Dominic Richardson,RB,0,FA
Chris Pierce,TE,0,CAR
Brandon Thomas ,RB,0,FA
Gerrit Prince,TE,0,KC
Marcus Rosemy-Jacksaint,WR,0,PHI
Nathan Carter,RB,0,FA
Lujuan Winningham,WR,0,JAX
John  Emery Jr,RB,0,FA
Stanley Berryhill,WR,0,DET
Jirehl Brock,RB,0,FA
Jared Bernhardt,WR,0,ATL
Sean  Tyler,RB,0,FA
Tommylee Lewis,WR,0,MIA
Max Hurleman,RB,0,PIT
Mark Ingram,RB,0,FA
Nate Becker,TE,0,GB
John Mitchell,TE,0,SEA
Jake Herslow,WR,0,SEA
Tejhaun Palmer,WR,0,ARI
Cade Brewer,TE,0,SEA
DeAndre Thompkins,WR,0,GB
Chase Allen,TE,0,CHI
Jesse James,TE,0,LV
Jake Tonges,TE,0,SF
Savon Scarver,WR,0,CHI
Tahj Washington,WR,0,MIA
Chase Claypool,WR,0,BUF
Jordan Travis,QB,0,NYJ
Geordon Porter,WR,0,NYG
Bisi Johnson,WR,0,MIN
Ayir Asante,WR,0,NYG
Leon Johnson,WR,0,LAC
Cam Johnson,WR,0,CAR
Casey Bauman,QB,0,LAC
Corey Crooms,WR,0,DAL
Cornelius Johnson,WR,0,GB
Xavier Johnson,WR,0,HOU
Jeff Foreman,WR,0,LV
Gunnar Watson,QB,0,BUF
Dylan Leonard,TE,0,DEN
Jordan Scarlett,RB,0,MIA
Emory Jones,QB,0,ATL
Keilan Robinson,RB,0,JAX
Dayton Wade,WR,0,BAL
John Rhys Plumlee,QB,0,SEA
Tanner McLachlan,TE,0,CIN
Jordan Terrell,RB,0,TEN
Terique Owens,WR,0,SF
Willie Snead,WR,0,MIA
Austin Reed,QB,0,CHI
Adrian Peterson,RB,0,SEA
Ryan Fitzpatrick,QB,0,WAS
Warren Jackson,RB,0,LAR
Trey Knox,TE,0,MIN
Thomas Hennigan,WR,0,MIN
Jeshaun Jones,WR,0,MIN
Javon Wims,WR,0,CAR
Zion Bowens,WR,0,WAS
Colson Yankoff,TE,0,WAS
Tim DeMorat,QB,0,WAS
Isaiah Wooden,WR,0,LAC
Makai Polk,WR,0,ATL
Chevan Cordeiro,QB,0,SEA
Reggie Roberson,WR,0,TEN
Carlos Washington,RB,0,ATL
Mason Pline,TE,0,SF
Zay Malone,WR,0,ATL
Tre'Quan Smith,WR,0,DET
Justin Marshall,WR,0,SEA
Ian Wheeler,RB,0,CHI
Malik Flowers,WR,0,LV
Sage Surratt,WR,0,ARI
Jack Plummer,QB,0,CAR
Bryant Kobak,RB,0,FA
Dazz Newsome,WR,0,SF
C.J. Johnson,WR,0,SEA
D.J. Williams,RB,0,TB
Marcus Cooper,RB,0,SEA
Amari Rodgers,WR,0,IND
Tyjon Lindsey,WR,0,SEA
Jjay Mcafee,TE,0,NYG
Isaiah Winstead,WR,0,NYJ
Anthony Schwartz,WR,0,MIA
Jacob Saylors,RB,0,CLE
Nathaniel Peat,RB,0,DAL
Christian Trahan,TE,0,CIN
Boston Scott,RB,0,PIT
Lawrence Keys,WR,0,BUF
Damien Caffrey,TE,0,CHI
Marquez Stevenson,WR,0,CAR
Tyler Harrell,WR,0,NYJ
Lincoln Victor,WR,0,DEN
Aron Cruickshank,WR,0,PIT
Trevon Grimes,WR,0,PHI
Thomas Yassmin,TE,0,DEN
Ra'Shaun Henry,WR,0,SEA
Mac Hippenhammer,WR,0,CIN
Isaiah Washington,WR,0,BAL
Mike Thomas,WR,0,BAL
Sam Schnee,WR,0,TEN
Demetric Felton,WR,0,WAS
Trestan Ebner,RB,0,CHI
David Wells,TE,0,TB
Aidan Robbins,RB,0,CLE
Treyton Welch,TE,0,NO
Ricky White,WR,0,SEA
Brandon Tate,WR,0,NO
Caleb Lohner,TE,0,DEN
Jarvis Landry,WR,0,FA
Isaiah Ford,WR,0,CHI
Jamaal Pritchett,WR,0,NYJ
Kole Taylor,TE,0,CIN
Nate McCollum,WR,0,SEA
Neal Johnson,TE,0,NYJ
Isaac Rex,TE,0,LAC
Sam Wiglusz,WR,0,LAR
Drake Stoops,WR,0,LAR
Elijah Collins,RB,0,CIN
Garrett Greene,QB,0,TB
Jalon Calhoun,WR,0,DET
Blayne Taylor,WR,0,IND
Jarveon Howard,RB,0,GB
Anthony Tyus,RB,0,DET
Julian Hicks,WR,0,GB
Jacoby Jones,WR,0,WAS
Max Mang,TE,0,IND
Messiah Swinson,TE,0,GB
Zakhari Franklin,WR,0,FA
John Paddock,QB,0,ATL
Jordan Petaia,TE,0,LAC
Kevin Foelsch,TE,0,PHI
Gavin Bartholomew,TE,0,MIN
Mitchell Tinsley,WR,0,CIN
Jordan Moore,WR,0,CIN
Jacob Warren,TE,0,NE
Jimmy Bell,TE,0,LAC
Spencer Sanders,QB,0,KC
Monaray Baldwin,WR,0,MIA
Trey Potts,RB,0,KC
Tru Edwards,WR,0,LAR
Zach Mathis,WR,0,KC
Reggie Brown,WR,0,KC
Ethan Garbers,QB,0,CAR
Jaaron Hayek,WR,0,KC
Tre Watson,TE,0,KC
Joseph Scates,WR,0,JAX
Joshua Cephus,WR,0,JAX
Damore'ea Stringfellow,WR,0,Sea
Shawn Bowman,TE,0,JAX
Bru McCoy,WR,0,FA
Jalen Jackson,RB,0,JAX
Isaiah Neyor,WR,0,FA
Wayne Ruby,WR,0,JAX
Andrew Armstrong,WR,0,FA
David White,WR,0,JAX
Jordan Watkins,WR,0,SF
Brevin Easton,WR,0,JAX
Nathan Peterman,QB,0,ATL
Lorenzo Lingard,RB,0,NYG
Hal Presley,WR,0,BUF
Kedon Slovis,QB,0,HOU
Oscar Cardenas,TE,0,ARI
Malcolm Epps,TE,0,IND
Courtney Jackson,WR,0,DEN
Justin Strong,RB,0,IND
Coleman Owen,WR,0,IND
Xavier White,WR,0,IND
Rivaldo Fairweather,TE,0,DAL
Jason Bean,QB,0,IND
Dalen Cambre,WR,0,NYG
Trent Pennix,TE,0,IND
Quentin Skinner,WR,0,NYJ
Lucas Scott,"RB,FB",0,BAL
Mark Redman,TE,0,LAR
Jaxon Janke,WR,0,HOU
Dontae Fleming,WR,0,MIN
Cole Burgess,WR,0,CIN
Brock Lampe,"RB,FB",0,NE
Gavin Hardison,QB,0,MIA
Jahmal Banks,WR,0,BAL
JJ Laap,WR,0,LAR
Roc Taylor,WR,0,PIT
Marcus Riley,WR,0,NYJ
Myles Price,WR,0,MIN
Lincoln Sefcik,TE,0,NYJ
Dorian Singer,WR,0,JAX
Peewee Jarrett,QB,0,NYJ
Redd Douglas,WR,0,NYG
Mike Rigerman,TE,0,BAL
Giles Jackson,WR,0,PHI
DeAngelo Hardy,WR,0,BAL
Luke Deal,TE,0,DET
Jelani Baker,WR,0,BAL
DeVante Parker,WR,0,PHI
Riley Sharp,TE,0,BAL
Kyren Lacy,WR,0,FA
Phillip Brooks,WR,0,KC
Jacorey Brooks,WR,0,FA
Baylor Cupp,TE,0,KC
Mario Williams,WR,0,FA
Taulia Tagovailoa,QB,0,ARI
Theo Wease Jr,WR,0,FA
RJ Mobley,WR,0,CHI
Kenyan Drake,RB,0,GB
Dimitri Stanley,WR,0,GB
Cole Beck,WR,0,ATL
Colin Granger,TE,0,CAR
Mason Fairchild,TE,0,NO
Arian Smith,WR,0,NYJ
Colby Suits,QB,0,NYJ
Junior Bergen,WR,0,SF
Andrew Peasley,QB,0,NYJ
John Matocha,QB,0,DEN
Kelly Akharaiyi,WR,0,BUF
Qadir Ismail,WR,0,LV
Jackson Hawes,TE,0,BUF
Jacob Sirmon,QB,0,CLE
Cam Miller,QB,0,LV
Dakereon Joyner,WR,0,SEA
Graham Mertz,QB,0,HOU
Alex Larson,TE,0,SEA
Jamoi Mayes,WR,0,CIN
Michael Herzog,RB,0,DET
Cade Peterson,QB,0,DET
Joaquin Davis,WR,0,DEN
Anthony Grant,RB,0,TB
Elijhah Badger,WR,0,KC
Jeremy Moussa,QB,0,TB
Luke Grimm,WR,0,LAC
Treyton Pickering,TE,0,NYG
Tyler Kahmann,WR,0,IND
William Thompson,QB,0,NYG
Traeshon Holden,WR,0,DAL
Beau Corrales,WR,0,NE
Theo Wease,WR,0,MIA
Markese Stepp,RB,0,NYJ
Quincy Skinner,WR,0,ATL
Daniel George,WR,0,KC
Seth Henigan,QB,0,JAX
John Copenhaver,TE,0,JAX
Mathieu Severance,RB,0,KC
Marshall Lang,TE,0,SEA
Easton Dean,TE,0,TEN
Jordan Waters,RB,0,LAR
Treveyon Pratt,WR,0,TEN
Jakobie Keeney-James,WR,0,DET
Hunter Dekkers,QB,0,NO
Tre Stewart,RB,0,MIN
Joshua Lingenfelter,TE,0,JAX
Moochie Dixon,WR,0,NO
Dakota Caton,WR,0,IND
Efton Chism,WR,0,NE
Kaylon Horton,WR,0,IND
CJ Dippre,TE,0,NE
Latreal Jones,WR,0,TB
Hajj-Malik Williams,QB,0,LV
Aeneas Dennis,QB,0,PIT
Jacardia Wright,RB,0,SEA
Xavier Wade,WR,0,PIT
Jacolby George,WR,0,CAR
Praise Olatoke,WR,0,CAR
JJ Galbreath,TE,0,PIT
Samson Evans,RB,0,MIA
Deion Hankins,RB,0,CHI
Jeremiah Webb,WR,0,NE
Cade McDonald,WR,0,CLE
Carter Runyon,TE,0,LV
Peter LeBlanc,WR,0,CHI
Eli Wilson,TE,0,CLE
Brenden Bates,TE,0,CLE
Taylor Morin,WR,0,PHI
Luke Floriea,WR,0,CLE
Jermaine Terry,TE,0,NYG
Darius Cooper,WR,0,PHI
John Jiles,WR,0,NE
Sam Pitz,TE,0,BAL
Hayden Rucci,TE,0,MIA
Kinkead Dent,QB,0,JAX
Tre Mosley,WR,0,CIN
Kyrese White,WR,0,DEN
Tanner Knue,WR,0,TB
Nick Nash,WR,0,ATL
Jadon Janke,WR,0,GB
Steven Stilianos,TE,0,TEN
John Jackson,WR,0,CHI
Rocky Lombardi,QB,0,CIN
Caleb Chapman,WR,0,TB
Jakeem Grant,WR,0,ATL
Ramon Jefferson,RB,0,TB
Caullin Lacy,WR,0,FA
Beaux Collins,WR,0,FA
Antwane Wells,WR,0,FA
Michael Hiers,QB,0,TB
Kobe Hudson,WR,0,FA
Drake Dabney,TE,0,TEN
Moose Muhammad II,WR,0,FA
Hamze El-Zayat,WR,0,NYJ
DaQuan Felton,WR,0,FA
David Wallis,WR,0,NE
DaiJean Dixon,WR,0,FA
Derek Slywka,WR,0,IND
Will Sheppard,WR,0,FA
Rory Starkey,WR,0,GB
Ben VanSumeren,"RB,FB",0,PHI
Ben Bryant,QB,0,NYJ
Jonathan Williams,RB,0,WAS
Kairee Robinson,RB,0,SEA
Mario Anderson,RB,0,FA
Thomas Fidone,TE,0,NYG
Devon Garrison,TE,0,SEA
Sammy Watkins,WR,0,FA
Ontaria Wilson,WR,0,NYJ
Logan Thomas,TE,0,SF
Ajou Ajou,WR,0,IND
Robbie Ouzts,TE,0,SEA
AJ McCarron,QB,0,CIN
Konata Mumpfield,WR,0,LAR
Jake Kumerow,WR,0,FA
JP Richardson,WR,0,CHI
Tyler Kroft,TE,0,MIA
Dominic Lovett,WR,0,DET
Alex Erickson,WR,0,HOU
Moliki Matavao,TE,0,NO
Will Howard,QB,0,PIT
Stephen Gosnell,WR,0,BUF
Quinn Ewers,QB,0,MIA
Keleki Latu,TE,0,BUF
Dillon Gabriel,QB,0,CLE
Kurtis Rourke,QB,0,SF
KeAndre Lambert-Smith,WR,0,LAC
Kyle McCord,QB,0,PHI
Tommy Mellott,WR,0,LV
LaJohntay Wester,WR,0,BAL
Riley Leonard,QB,0,IND
Rashod Owens,WR,0,CIN
Jeff Driskel,QB,0,WAS
Payton Thorne,QB,0,CIN
Cody Core,WR,0,MIA
Bryson Green,WR,0,ARI
Cethan Carter,TE,0,FA
Max Brosmer,QB,0,MIN
Darren Waller,TE,0,NYG
Connor Bazelak,QB,0,TB
Anthony Landphere,TE,0,TB
Breshad Perriman,WR,0,IND
Jerjuan Newton,WR,0,DEN
Jaylon Moore,WR,0,SF
Mac Dalena,WR,0,KC
Taquan Mizzell,RB,0,NYG
Elijah Young,RB,0,KC
Nick Boyle,TE,0,BAL
Stevo Klotz,TE,0,LAC
C.J. Board,WR,0,TEN
Landon Parker,WR,0,IND
Jaydon Mickens,WR,0,IND
Taiwan Jones,RB,0,NYG
Ulysses Bentley,RB,0,IND
TJ Sheffield,WR,0,TEN
Ahmani Marshall,RB,0,CLE
Damien Martinez,RB,0,SEA
Tyler Neville,TE,0,DAL
Tyrell Williams,WR,0,DET
Silas Bolden,WR,0,MIN
Kalel Mullings,RB,0,TEN
AJ Henning,WR,0,MIA
Joshua Simon,TE,0,ATL
Melvin Gordon,RB,0,BAL
Nathan Carter,RB,0,ATL
Kenjon Barner,RB,0,TB
Jordan Bly,WR,0,NYG
LeQuint Allen,RB,0,JAX
Patrick Herbert,TE,0,JAX
Albert Wilson,WR,0,LV
Chandler Brayboy,WR,0,JAX
Raheim Sanders,RB,0,LAC
Eli Pancol,WR,0,JAX
Phil Mafah,RB,0,DAL
Cam Camper,WR,0,JAX
Ross Travis,TE,0,DET
Tyrone Broden,WR,0,SEA
Anthony Torres,TE,0,LAR
Donovan Edwards,RB,0,FA
Brennan Presley,WR,0,LAR
Marcus Yarns,RB,0,FA
Kye Robichaux,RB,0,DET
Christian Wade,RB,0,FA
Jackson Meeks,WR,0,DET
Dwayne Washington,RB,0,FA
Amar Johnson,RB,0,GB
Jaydn Ott,RB,0,FA
Bryson Nesbit,TE,0,MIN
Nate Noel,RB,0,FA
Robert Lewis,WR,0,MIN
Corey Kiner,RB,0,FA
Bryce Pierre,TE,0,CAR
Marcus Kemp,WR,0,WAS
DeMeer Blankumsee,WR,0,NE
Gee Scott,TE,0,NE
Tyler Bray,QB,0,SF
Lan Larison,RB,0,NE
Luke Lachey,TE,0,HOU
Brady Cook,QB,0,NYJ
Oronde Gadsden,TE,0,LAC
Pat Conroy,TE,0,LV
Gunnar Helm,TE,0,TEN
Sone Ntoh,RB,0,BAL
Trevor Siemian,QB,0,TEN
Xavier Guillory,WR,0,BAL
Jake Briningstool,TE,0,FA
Chris Tyree,WR,0,NO
Darren Waller,TE,0,FA
Moose Muhammad,WR,0,CAR
Jacob Warren,TE,0,FA
Daniel Jackson,WR,0,HOU
Isaiah McKenzie,WR,0,MIA
DJ Thomas-Jones,TE,0,PIT
Mitchell Evans,TE,0,FA
Collin Schlee,QB,0,WAS
Ben Yurosek,TE,0,FA
Jahdae Walker,WR,0,CHI
Virgil Green,TE,0,LAC
Zach Horton,TE,0,DET
Jalin Conyers,TE,0,FA
Ben Wooldridge,QB,0,NE
Caden Prieskorn,TE,0,FA
Dante Wright,WR,0,KC
Ketron Jackson,WR,0,LV
Qualan Jones,RB,0,KC
Josh McCown,QB,0,Hou
Darius Lassiter,WR,0,JAX
Anthony Firkser,TE,0,KC
Dalevon Campbell,WR,0,LAC
Gage Larvadain,WR,0,CLE
James White,RB,0,NE
Quali Conley,RB,0,CIN
Isaiah Bond,WR,0,FA
ShunDerrick Powell,RB,0,PHI
DeAndrew White,WR,0,Bal
Rushawn Baker,RB,0,NYG
Matthew Slater,WR,0,NE
Dymere Miller,WR,0,NYJ
Jacob Hollister,TE,0,CAR
Nick Kallerup,TE,0,SEA
Cody Hollister,WR,0,TEN
Justin Lockhart,WR,0,KC
Rex Burkhead,RB,0,FA
Marcus Major,RB,0,BAL
Brandon Bolden,RB,0,LV
Kisean Johnson,WR,0,CLE
Kaden Prather,WR,0,BUF
Jimmy Holiday,WR,0,KC
Tez Johnson,WR,0,TB
Montorie Foster,WR,0,SEA
Ryan Tannehill,QB,0,TEN
Taylor Elgersma,QB,0,GB
Josh Kelly,WR,0,FA
Jermaine Jackson,WR,0,NO
Steven Sims,WR,0,SEA
Tyson Bagent,QB,0,CHI
Kyle Trask,QB,0,TB
Jake Browning,QB,0,CIN
Jha'Quan Jackson,WR,0,TEN
Dylan Laube,RB,0,LV
Clayton Tune,QB,0,ARI
Dee Williams,WR,0,SEA
Kadarius Toney,WR,0,CLE
Sam Howell,QB,0,MIN